작품(장르)명,1위,2위,3위,4위,5위
Fate/GrandOrder,Fate/Grand Order,Fate/Grand oder,fate/grand order,Fate grand oder,Fate
명탐정 코난,명탐정코난,명탐정코난 등,,,
나의 히어로 아카데미아,나의 히어로아카데미아,나의히어로아카데미아,나의 히어로 아카데미아 히로아카,마이 히어로 아카데미아,히어로 아카데미아
히로아카,히로아카 등등,히어로 아카데미아,나의히어로아카데미아,나의히어로아카데이마,나의 히어로아카데미아
하이큐,하이큐!,하이큐!!,하이큐/히로아카/디씨마블,하이큐/문스독/오소마츠상/러브라이브/리제로,
사이퍼즈,,,,,
아이돌마스터 신데렐라걸즈,아이돌마스터 신데렐라 걸즈,아이돌마스터 신데렐라 걸스,아이돌 마스터 신데렐라걸즈,아이돌 마스터 신데렐라 걸즈,아이돌마스터 신데렐라걸즈 스타라이트 스테이지
죠죠의 기묘한 모험,죠죠의 기묘한 모혐,죠죠의기묘한모험,죠죠의 기묘한 모험 3부,죠죠의 기묘한 모험 (5부),죠죠의 기묘한 모험 5부 위주
토르,토르/마블,토르1~3,토르 라그나로크,토르 시리즈(MCU),
스타트렉,스타 트렉,스타트랙,스타트렉 AOS,스타트렉(AOS,스타트렉(AOS)
앙상블 스타즈!,앙상블 스타즈!!,앙상블 스타즈,앙상블스타즈!,앙상블스타즈,앙상블스타즈!!
포켓몬,포켓몬스터,포켓몬시리즈,포켓몬스터 소드실드,포켓몬스터 소드.실드,포켓몬스터 소드 실드
슈퍼내추럴,슈퍼내츄럴,슈내,언내추럴,,
마블(캡틴아메리카),마블(캡틴 아메리카),마블 캡틴아메리카,캡틴아메리카,캡틴 아메리카,마블
하이큐/문스독/오소마츠상/러브라이브/리제로,오소마츠상,하이큐,문스독,,
배트맨,더배트맨,배트맨 대 슈퍼맨,앤트맨,배트맨 대 슈퍼맨 : 돈 오브 저스티스,
문호스트레이독스,문호 스트레이독스,문호 스트레이 독스,스트레이키즈,,
마블,마블무비,마블-토르,마블MCU,마블(토르,마블유니버스
마법소녀마도카마기카,마법소녀 마도카 마기카,,,,
어벤저스,어벤져스,마블(어벤저스),도쿄리벤저스,어벤져스 영화,마블(어벤져스)
에반게리온,,,,,
보석의나라,보석의 나라,,,,
모노노케,,,,,
오소마츠상,오소마츠상!,오소마츠 상,하이큐/문스독/오소마츠상/러브라이브/리제로,오비츠 의상,
Marvel,Marvel\'s the Avengers,,,,
혈계전선,,,,,
다이아몬드 에이스,다이아몬드에이스,,,,
창작백합,창작,,,,
디그레이맨,,,,,
스파이더맨,스파이더맨 홈커밍,스파이더맨 실사영화,마블(스파이더맨_홈커밍),MCU - 스파이더맨 홈커밍,스파이패밀리
은혼,,,,,
엑스맨무비,엑스맨,엑스맨 로건,,,
마블유니버스,마블시네마틱유니버스,마블,마블 시네마틱 유니버스(통칭 MCU),스티븐유니버스,스티븐 유니버스
마블 캡틴아메리카,마블(캡틴 아메리카),마블(캡틴아메리카),캡틴아메리카,캡틴 아메리카,MCU 캡틴아메리카 트릴로지
섀도우헌터스,섀도우 헌터스,섀도우헌터,섀도우 헌터,섀도우헌터스(미드),
진삼국무쌍,진 삼국무쌍,,,,
앙상블 스타즈,앙상블 스타즈!,앙상블스타즈,앙상블 스타즈!!,앙상블스타즈!,앙상블 스타즈!!뮤직
엘소드,,,,,
쿠로코의 농구,쿠로코의농구,,,,
충사,,,,,
앙스타,앙상블스타즈,앙스타 +a,앙상블스타즈!,앙스타 반야로,앙상블 스타즈!
Free!,free!,Free!(프리),,,
포켓몬스터,포켓몬,포켓몬스터 소드실드,포켓몬스터 소드.실드,포켓몬스터 소드 실드,포켓몬스터 소드/실드
나의히어로아카데미아,나의 히어로아카데미아,나의 히어로 아카데미아,히어로 아카데미아,나의히어로아카데이마,나의 히어로 아카데미아 히로아카
나의 히어로 아카데미아 히로아카,나의 히어로 아카데미아,나의 히어로아카데미아,나의히어로아카데미아,마이 히어로 아카데미아,히어로 아카데미아
바후발리,,,,,
킹프리,킹오브프리즘,킹프리 프리즘스톤,프리파라,킹오브프리즘(킹프리/king of prism),
앤틱 드롭스타일 이어링,앤틱 드롭 이어링,,,,
80\\\\\\\'s city girl style,80\\\'s city ガール,,,,
호오즈키의 냉철,,,,,
A3,A3!,A3!(에스리),A3!(에이쓰리),ACCA 13구 감찰과,
살육의 천사,,,,,
액셀월드 러브라이브,,,,,
블랙팬서,블랙팬서),블랙팬서(마블),블랙서바이벌,,
페이트 아포크리파,페이트,페이트 시리즈,페이트시리즈,,
뱅드림,뱅드림!,뱅드림(반도리),뱅드림! 걸즈밴드파티!,뱅드림! 걸즈 밴드 파티!,드림캐쳐
진격의거인,진격의 거인,,,,
DC,DSC),DCEU,DC코믹스,DC 영화,DC 코믹스
앙상블스타즈,앙상블 스타즈,앙상블스타즈!,앙상블 스타즈!,앙상블스타즈!!,앙상블 스타즈!!
창작 마블 디씨,마블,창작,,,
MCU,MCUㅇㅁ,MCU 토르,MCU(닥스2,MCU 블랙팬서,마블 MCU 어벤져스
XXX 보호구역,,,,,
킹스맨,엑스맨,,,,
보컬로이드,,,,,
새벽의 연화,,,,,
페이트/그랜드오더,페이트/그랜드 오더,페이트그랜드오더,페이트 그랜드오더,페이트 그랜드 오더,페이트그랜드 오더 etc)
FGO,,,,,
DC 코믹스,DC코믹스,DC코믹스 숲뱃,DC,마블 코믹스,dc 코믹스
덩케르크,,,,,
진격의 거인,진격의거인,,,,
오션스 8,,,,,
인저스티스,저스티스리그,,,,
원펀맨/쿠로바스/하이큐,쿠로바스,,,,
1차 HL/GL,1차 BL,,,,
월한강천록,,,,,
천지해,,,,,
가담항설,,,,,
스파이더맨 홈커밍,스파이더맨,마블(스파이더맨_홈커밍),스파이더맨 실사영화,MCU - 스파이더맨 홈커밍,
가면라이더 에그제이드,가면라이더 이그제이드,가면라이더 디케이드,가면라이더 빌드,가면라이더 포제,가면라이더
스타 트렉,스타트렉,스타트렉 AOS,스타트렉 덩케르크,스타트랙,스타트렉 디스커버리
도검난무,,,,,
파이널판타지14,파이널 판타지14,파이널판타지 14,파이널 판타지 14,파이널판타지15,파이널판타지
하이큐!!,하이큐!,하이큐,,,
레히삼,레전드 히어로 삼국전(레히삼),,,,
어벤져스,어벤져스 영화,어벤저스,마블(어벤져스),어벤져스 메이즈러너,마블/어벤져스/블랙팬서
페이트 스테이 나이트,페이트 시리즈(스테이나이트,페이트,페이트 스트레인지 페이크,,
오버워치 디씨 마블,오버워치,마블 오버워치 디씨 스타트렉 스타워즈,,,
은혼 히지긴(히지카타 토시로X사카타 긴토키),,,,,
나츠메우인장,나츠메 우인장,,,,
파이널 판타지 14,파이널 판타지14,파이널 판타지 4,파이널판타지14,파이널 판타지,파이널판타지 14
Batman v Superman : dawn of justice,,,,,
명탐정코난,명탐정 코난,명탐정코난 등,,,
페이트,페이트/제로,페이트시리즈,페이트 시리즈,페이트그랜드오더,페이트 아포크리파
킹오브프리즘(킹프리/king of prism),king of prism,King of prism,킹오브프리즘,King Of Prism,킹프리
그 판타지 세계에서 사는 법 (그판세),그 판타지 세계에서 사는 법(그판세),그 판타지 세계에서 사는 법,,,
히프노시스마이크,히프노시스 마이크,히프마이,,,
DC 배트맨,DC,DC 슈퍼맨,더배트맨,DC 영화,
1차 BL,1차BL소설,1차 HL/GL,1차 창작,,
제네레이션 킬,제너레이션 킬,제너레이션킬,,,
메트로 게임,레트로게임,오토메 게임,오토메게임,,
토르 라그나로크,라그나로크,토르,,,
문스독,하이큐/문스독/오소마츠상/러브라이브/리제로,,,,
레진공예악세사리,수공예 악세사리,,,,
마블-토르,마블(토르,마블,마블관련 토르,,
천연석 팔찌,,,,,
죠죠의 기묘한 모혐,죠죠의 기묘한 모험,죠죠의 기묘한 모험 3부,죠죠의기묘한모험,죠죠의 기묘한 모험 (5부),죠죠의 기묘한 모험 5부 위주
월야환담,,,,,
레이디버그,레이디 버그,미라큘러스: 레이디버그와 블랙캣,,,
디씨 DC,디씨,디씨(DCEU),디씨 마블,,
나루토,,,,,
coc 시나리오,,,,,
신비한 동물사전,신비한동물사전,신비한동물사전 (신동사),,,
봉신연의,,,,,
섀도우 헌터스,섀도우헌터스,섀도우 헌터,섀도우헌터,섀도우헌터스(미드),
창작,창작백합,창작문구,창작 소설,창작 만화,창작 악세사리
봄이 오면 꽃이 피고,,,,,
MCU 블랙팬서,MCU,MCU 토르,,,
배트맨 대 슈퍼맨,배트맨 대 슈퍼맨 : 돈 오브 저스티스,배트맨,,,
마블(mcu),마블,마블(MCU),,,
ㅣ,,,,,
마블 (베네딕트 컴버배치) . 닥터 스트레인지.,,,,,
avengers,,,,,
1차창작,1차 창작,1차bl창작,1차 창작 만화,1차 창작 - 네꾸,1차 창작 봉제 인형
월드트리거,월드 트리거,,,,
그림책,그림집,,,,
핸드메이드 스팀펑크&레진아트 악세사리,핸드메이드,,,,
가면라이더,가면라이더 오즈,가면라이더 빌드,가면라이더 더블,가면라이더 덴오,가면라이더 포제
밴드하자!,밴드하자!(반야로),반야로(밴드하자!),,,
MCU(마블 시네마틱 유니버스),마블 시네마틱 유니버스),마블 시네마틱 유니버스,마블시네마틱유니버스,MCU 마블 시네마틱 유니버스,MCU
언더테일,라테일,,,,
캡틴 아메리카,캡틴아메리카,마블(캡틴 아메리카),마블 캡틴아메리카,캡틴 아메리카(MCU),마블(캡틴아메리카)
개같이 살자,,,,,
왕은 웃었다,왕은웃었다,,,,
MCU 캡틴아메리카 트릴로지,캡틴아메리카,캡틴 아메리카,마블 캡틴아메리카,MCU,
동방 프로젝트,동방프로젝트,,,,
리그오브레전드,리그 오브 레전드(롤),,,,
꿈의라이브프리즈스톤,꿈의라이브프리즘스톤,이브,,,
레전드 히어로 삼국전,레전드히어로삼국전,레전드히어로 삼국전,레전드 히어로 삼국전(레히삼),,
오버워치,오버워치 디씨 마블,오버워치/파이널판타지,오버워치(OVERWATCH),마블 오버워치 디씨 스타트렉 스타워즈,
비밀의 숲,비밀의숲,동물의 숲,,,
오리지널,오리지널창작,오리지널 창작,오리지널 BL,오리지날,오리지널(창작)
삼국지: 명장 관우,삼국지,,,,
스틸 볼 런 (죠죠의 기묘한 모험 7부),스틸 볼 런(죠죠의 기묘한 모험 7부),죠죠의기묘한모험,죠죠의 기묘한 모험 (5부),,
쿠키런,쿠키런킹덤,쿠키런 킹덤,,,
이런 영웅은 싫어,,,,,
모브사이코100,모브사이코 100,모브사이코,,,
BBC셜록,BBC 셜록,BBC 셜록 / 스타워즈 / IT / 기묘한 이야기,,,
마블히어로즈,마블,로드오브히어로즈,로드오브 히어로즈,히어로즈 플랜 비,
해리포터,,,,,
메이즈러너,메이즈 러너,메이즈러너 데스큐어,,,
캡틴아메리카,캡틴 아메리카,마블 캡틴아메리카,마블(캡틴아메리카),마블(캡틴 아메리카),캡틴아메리카(MCU)
미생,,,,,
1차bl,1차bl창작,,,,
오리지날,오리지널,오리지널창작,오리지널 창작,오리지널 BL,리니지
마블 어벤져스,마블(어벤져스,마블 MCU 어벤져스,마블(어벤져스),마블 무비 어벤저스,마블/어벤져스/블랙팬서
페이트/제로,페이트,페이트/그랜드오더,,,
프리파라,킹프리,,,,
파판14,파판14),파판15,파판14 (파이널판타지14,파이널 판타지 14 파판14,파이널 판타지 14(파판14
영웅전설 시리즈,역전재판 시리즈,소닉 시리즈,궤적 시리즈,영웅전설 섬의 궤적,
드레니아신탁,,,,,
역전재판,대역전재판,역전재판 시리즈,,,
보석의 나라,보석의나라,,,,
앙상블 스타즈.사이마스.,앙상블 스타즈,앙상블스타즈,앙상블 스타즈!,앙상블 스타즈 앙스타,앙상블스타즈!
틱택토,,,,,
모브사이코 100,모브사이코100,모브사이코,,,
스틸 볼 런(죠죠의 기묘한 모험 7부),스틸 볼 런 (죠죠의 기묘한 모험 7부),죠죠의기묘한모험,죠죠의 기묘한 모험 (5부),,
악세사리,,,,,
가면라이더 오즈,가면라이더 덴오,가면라이더 시리즈,가면라이더,가면라이더 빌드,가면라이더 더블
원피스,윈피스,해피니스,,,
동방프로젝트,동방 프로젝트,프로젝트 세카이,,,
A3!,A3,A3!(에스리),A3!(에이쓰리),,
-,쇼-트 스토리즈,B-Project,B-project,,
나의 히어로아카데미아,나의 히어로 아카데미아,나의히어로아카데미아,나의 히어로 아카데미아 히로아카,히어로 아카데미아,마이 히어로 아카데미아
미라큘러스: 레이디버그와 블랙캣,레이디버그,,,,
아이돌마스터 sideM,아이돌마스터sideM,아이돌마스터 SideM,아이돌마스터 sidem,아이돌마스터 side m,아이돌마스터 Side M
아이돌 마스터 신데렐라 걸즈,아이돌 마스터 신데렐라걸즈,아이돌마스터 신데렐라걸즈,아이돌마스터 신데렐라 걸즈,아이돌마스터 신데렐라 걸스,아이돌 마스터
아이돌 마스터 side M,아이돌마스터sideM,아이돌마스터 sideM,아이돌마스터 SideM,아이돌마스터 sidem,아이돌 마스터
Sidem,,,,,
아이돌 마스터 밀리언 라이브,아이돌 마스터 밀리언 라이브!,아이돌마스터 밀리언라이브,아이돌마스터 밀리언 라이브,아이돌 마스터,아이돌 마스터 시리즈
아이돌리쉬 세븐,아이돌리쉬 세븐.,아이돌리쉬세븐,아이돌리쉬7,아이돌리쉬 세븐(IDOLiSH7),아이돌리 프라이드
아이돌마스터,아이돌 마스터,아이돌마스터/페이트,아이돌마스터sideM,아이돌마스터 사이드M,아이돌 마스터 시리즈
러브라이브,러브라이브!,러브라이브 선샤인,러브라이브! 선샤인,러브라이브! 선샤인!!,러브라이브 스쿨아이돌 페스티벌 올스타
킹 오브 프리즘,킹오브프리즘,킹프리 프리즘스톤,,,
앙상블 스타즈(앙스타),앙상블 스타즈!(앙스타),앙상블스타즈(앙스타),앙상블 스타즈!!(앙스타),앙상블 스타즈 앙스타,앙상블스타즈 앙스타
The Idolm@ster Cinderella Girls,,,,,
츠키우타,,,,,
반야로,반야로(밴드하자!),반야로 (밴드하자!,,,
아이돌마스터 side m,아이돌마스터 sidem,아이돌마스터 sideM,아이돌마스터 Side M,아이돌마스터sideM,아이돌마스터 SideM
아이돌마스터 신데렐라 걸즈,아이돌마스터 신데렐라걸즈,아이돌마스터 신데렐라 걸스,아이돌 마스터 신데렐라걸즈,아이돌 마스터 신데렐라 걸즈,아이돌마스터 신데렐라 걸즈 스타라이트 스테이지
idolm@ster SideM,,,,,
B-Project,B-project,-,,,
King of prism,king of prism,King Of Prism,킹오브프리즘(킹프리/king of prism),,
아이돌마스터 Side M,아이돌마스터 SideM,아이돌마스터 sideM,아이돌마스터 side m,아이돌마스터sideM,아이돌마스터 sidem
아이돌마스터신데렐라걸즈 스타라이트스테이지 (데레스테),아이돌마스터 신데렐라걸즈 스타라이트스테이지(신데마스/데레스테),아이돌마스터 신데렐라걸즈 스타라이트 스테이지,아이돌마스터 신데렐라 걸즈 스타라이트 스테이지,아이돌마스터 신데렐라 걸스,아이돌마스터 신데렐라걸즈
앙상블스타즈!,앙상블 스타즈!,앙상블스타즈!!,앙상블스타즈,앙상블 스타즈!!,앙상블 스타즈
러브라이브! 선샤인!!,러브라이브! 선샤인,러브라이브 선샤인,러브라이브!,러브라이브,
츠키노예능프로덕션,츠키프로,츠키프로(츠키노 프로덕션),,,
.,D.Gray-man,,,,
아이돌마스터 밀리언 라이브,아이돌마스터 밀리언라이브,아이돌 마스터 밀리언 라이브,아이돌 마스터 밀리언 라이브!,아이돌마스터,아이돌마스터 사이드M
아이나나,,,,,
king of prism,King of prism,King Of Prism,킹오브프리즘(킹프리/king of prism),,
아이돌 마스터,아이돌마스터,아이돌 마스터 시리즈,아이돌 마스터 side M,아이돌 마스터 신데렐라걸즈,아이돌 마스터 신데렐라 걸즈
A3!(에스리),A3!(에이쓰리),A3!,A3,,
아이돌마스터 SideM,아이돌마스터 Side M,아이돌마스터 sideM,아이돌마스터sideM,아이돌마스터 sidem,아이돌마스터 side m
킹오브프리즘,킹 오브 프리즘,킹프리,킹오브프리즘(킹프리/king of prism),킹프리 프리즘스톤,
앙상블스타즈(앙스타),앙상블 스타즈(앙스타),앙상블 스타즈!(앙스타),앙상블 스타즈!!(앙스타),앙상블스타즈 앙스타,앙상블 스타즈 앙스타
밴드하자!(반야로),밴드하자!,,,,
반도리,,,,,
아이돌리쉬세븐,아이돌리쉬 세븐,아이돌리쉬 세븐.,아이돌리쉬7,아이돌리쉬 세븐(IDOLiSH7),
아이돌마스터 신데렐라 걸즈 스타라이트 스테이지,아이돌마스터 신데렐라걸즈 스타라이트 스테이지,아이돌마스터 신데렐라 걸즈,아이돌마스터 신데렐라 걸스,아이돌마스터 신데렐라걸즈 스타라이트스테이지(신데마스/데레스테),아이돌마스터 신데렐라걸즈
앙스타/앙상블 스타즈,앙스타 / 앙상블 스타즈,앙스타(앙상블 스타즈!!),앙스타 앙상블 스타즈,앙스타 (앙상블 스타즈),앙상블 스타즈 앙스타
앙스타 (앙상블 스타즈),앙스타 앙상블 스타즈,앙스타(앙상블 스타즈!!),앙상블 스타즈(앙스타),앙상블 스타즈!(앙스타),앙스타 / 앙상블 스타즈
아이돌마스터 신데렐라걸즈 스타라이트스테이지(신데마스/데레스테),아이돌마스터 신데렐라걸즈 스타라이트 스테이지,아이돌마스터 신데렐라 걸즈 스타라이트 스테이지,아이돌마스터신데렐라걸즈 스타라이트스테이지 (데레스테),아이돌마스터 신데렐라걸즈,아이돌마스터 신데렐라 걸즈
King Of Prism,King of prism,king of prism,킹오브프리즘(킹프리/king of prism),,
꿈의라이브프리즘스톤,꿈의라이브프리즈스톤,이브,,,
아이돌 마스터 신데렐라걸즈,아이돌 마스터 신데렐라 걸즈,아이돌마스터 신데렐라걸즈,아이돌마스터 신데렐라 걸즈,아이돌마스터 신데렐라 걸스,아이돌 마스터
반야로(밴드하자!),반야로 (밴드하자!,밴드하자!,반야로,,
뱅드림(반도리),뱅드림,뱅드림!,,,
츠키프로,츠키노예능프로덕션,츠키프로(츠키노 프로덕션),,,
뱅드림!,뱅드림,뱅드림! 걸즈밴드파티!,뱅드림! 걸즈 밴드 파티!,뱅드림(반도리),
러브라이브 선샤인,러브라이브! 선샤인,러브라이브! 선샤인!!,러브라이브,러브라이브!,
노래의 왕자님,노래하는 왕자님(우타프리),,,,
아이돌마스터 sidem,아이돌마스터 side m,아이돌마스터 sideM,아이돌마스터sideM,아이돌마스터 SideM,아이돌마스터 Side M
아이돌마스터 신데렐라걸즈 스타라이트 스테이지,아이돌마스터 신데렐라 걸즈 스타라이트 스테이지,아이돌마스터 신데렐라걸즈 스타라이트스테이지(신데마스/데레스테),아이돌마스터 신데렐라걸즈,아이돌마스터 신데렐라 걸즈,아이돌마스터 신데렐라 걸스
신데렐라스테이지,데레스테,신데마스,,,
아이돌리쉬7,아이돌리쉬세븐,아이돌리쉬 세븐,아이돌리쉬 세븐.,아이돌리쉬 세븐(IDOLiSH7),아이돌리 프라이드
앙스타 데레스테,앙스타,앙스타 +a,앙상블스타즈 앙스타,,
아이돌마스터 sideM (사이마스),아이돌마스터 sideM,아이돌마스터sideM,아이돌마스터 side m,아이돌마스터 SideM,아이돌마스터 sidem
앙상블 스타즈!(앙스타),앙상블 스타즈!!(앙스타),앙상블 스타즈(앙스타),앙상블스타즈(앙스타),앙상블 스타즈 앙스타,앙상블 스타즈!
아이돌마스터sideM,아이돌마스터 sideM,아이돌 마스터 side M,아이돌마스터 SideM,아이돌마스터 sidem,아이돌마스터 side m
러브라이브! 선샤인,러브라이브 선샤인,러브라이브! 선샤인!!,러브라이브!,러브라이브,
아이돌마스터 사이드M,아이돌마스터,아이돌마스터 sideM,아이돌마스터 SideM,아이돌 마스터,아이돌마스터 Side M
사운드볼텍스,,,,,
단간론파,슈퍼단간론파,슈퍼단간론파2,뉴단간론파V3,슈퍼 단간론파2,단간론파 시리즈
오토메 게임,오토메게임,오토메게임 이것저것,메트로 게임,,
idolish7,Idolish 7,,,,
마기아레코드,,,,,
Fate grand oder,Fate/Grand oder,Fate/GrandOrder,fate/grand order,Fate,Fate/Grand Order
페이트그랜드오더,페이트/그랜드오더,페이트 그랜드오더,페이트 그랜드 오더,페이트/그랜드 오더,페이트그랜드 오더 etc)
Ff14,FF14,FF14),ff14),,
MELTING (2018/3월 모바일게임 출시 예정),,,,,
페이트 그랜드 오더,페이트 그랜드오더,페이트그랜드오더,페이트/그랜드오더,페이트 그랜드 오더(페그오),페이트/그랜드 오더
파이널판타지15,파이널판타지14,파이널판타지,파이널 판타지14,파이널판타지 14,파이널 판타지
페르소나3,페르소나,페르소나5,페르소나4,페르소나 Q,페르소나 시리즈
파이널 판타지 14 파판14,파이널 판타지 14(파판14,파이널 판타지 14,파이널 판타지14,파이널 판타지 4,파이널판타지14
섬의궤적,섬의 궤적,하늘의 궤적,,,
Fate,fate,Fate/GrandOrder,Fate grand oder,Fate/Grand oder,Fate/stay night
슈퍼 단간론파 2,슈퍼 단간론파2,슈퍼단간론파2,슈퍼단간론파,단간론파,뉴 단간론파 V3
FF14,FF14),Ff14,FF14(파이널판타지14),OFF,
SHOW BY ROCK!!,SHOW BY ROCK!,,,,
소닉 더 헤지혹 (게임),소닉,,,,
TRPG,TRPG 인세인 팬메이드 시나리오,,,,
페그오,페이트그랜드 오더 etc),페이트 그랜드 오더(페그오),,,
파이어 엠블렘,파이어엠블렘,파이어 엠블렘 풍화설월,파이어엠블렘풍화설월,파이어엠블렘 시리즈,파이어엠블렘 풍화설월
그랑블루판타지,그랑블루 판타지,,,,
트럼프. 화투,,,,,
앙스타 반야로,앙스타,앙스타 +a,,,
Fgo,fgo,,,,
섬의 궤적,섬의궤적,하늘의 궤적,,,
슈퍼단간론파2,슈퍼 단간론파2,슈퍼단간론파,슈퍼 단간론파 2,단간론파,슈퍼단간론파2~안녕히 절망학원~
슈퍼 단간론파2,슈퍼 단간론파 2,슈퍼단간론파2,슈퍼단간론파,단간론파,슈퍼단간론파2~안녕히 절망학원~
하늘의 궤적,섬의 궤적,섬의궤적,,,
라이프 이즈 스트레인지,닥터 스트레인지,닥터스트레인지,,,
검은방,,,,,
파이널 판타지14,파이널 판타지 14,파이널판타지14,파이널 판타지,파이널 판타지 4,파이널판타지 14
월드오브워크래프트,,,,,
매스이펙트,매스 이펙트,,,,
머나먼 시공 속에서6,,,,,
소녀전선,,,,,
페이트 (fate),페이트,,,,
마비노기,마비노기 영웅전,,,,
리니지,오리지널,오리지날,니지산지,,
데드 바이 데이라이트,데드바이데이라이트),데바데,,,
단간론파 시리즈,단간론파,소닉 시리즈,슈퍼단간론파,궤적 시리즈,파이어엠블렘 시리즈
소닉,소닉 시리즈,소닉 더 헤지혹 (게임),,,
파이널 판타지,파이널판타지,파이널 판타지14,파이널 판타지 4,파이널 판타지 14,파이널 판타지 시리즈
포탈,,,,,
서양게임,,,,,
소닉 시리즈,페르소나 시리즈,소닉,궤적 시리즈,페이트 시리즈,유희왕 시리즈
메이플,메이플스토리,,,,
슈퍼로봇대전,슈퍼로봇대전OG시리즈,슈퍼전대,,,
몬스터헌터,몬스터헌터 xx,,,,
Rayark Games,,,,,
FFXIV,FFXV,,,,
레벨1 용사,레벨1용사,,,,
레트로게임,메트로 게임,,,,
메이플스토리,메이플,스타스토리,,,
장미에 감춰진 베리테,,,,,
록맨,,,,,
그랜드체이스,,,,,
절벽토끼,,,,,
오버워치/파이널판타지,오버워치,,,,
슈퍼단간론파2~안녕히 절망학원~,슈퍼단간론파2,슈퍼단간론파,슈퍼 단간론파2,단간론파,슈퍼 단간론파 2
Fate/Grand Order,Fate/GrandOrder,Fate/Grand oder,fate/grand order,Fate,Fate grand oder
돈스타브,앙스타,,,,
fate,Fate,fate/stay night,fate/grand order,fate stay night(UBW),
슈퍼단간론파,슈퍼단간론파2,슈퍼 단간론파2,단간론파,슈퍼 단간론파 2,슈퍼단간론파2~안녕히 절망학원~
크툴루의 부름 TRPG,크툴루의 부름,,,,
테일즈 오브 제스티리아,테일즈오브제스티리아,,,,
킹프리 프리즘스톤,킹프리,킹 오브 프리즘,킹오브프리즘,,
디트로이트 : 비컴 휴먼,디트로이트 비컴 휴먼,디트로이트비컴휴먼,,,
그랑블루 판타지,그랑블루판타지,,,,
페이트/그랜드 오더,페이트/그랜드오더,페이트그랜드오더,페이트 그랜드오더,페이트 그랜드 오더,페이트그랜드 오더 etc)
디트로이트 비컴 휴먼,디트로이트비컴휴먼,디트로이트 : 비컴 휴먼,,,
오버워치(OVERWATCH),오버워치,,,,
드래곤에이지 인퀴지션,드래곤에이지,드에,,,
구운몽 ~어느 소녀의 사랑이야기~,,,,,
클로저스,,,,,
페스나,페르소나,,,,
뉴단간론파v3 (단간론파 시리즈),단간론파,뉴단간론파V3,,,
수상한 메신저,,,,,
씰(운명의 여행자),,,,,
타입문(페이트시리즈/월희/멜티블러드/공의경계/마법사의밤),페이트시리즈,,,,
디트로이트비컴휴먼,디트로이트 비컴 휴먼,디트로이트 : 비컴 휴먼,,,
페르소나,페르소나3,페르소나5,페르소나4,페르소나 Q,페르소나 시리즈
Fate/Grand oder,Fate/Grand Order,Fate/GrandOrder,fate/grand order,Fate grand oder,Fate
영웅전설 섬의 궤적,영웅전설 시리즈,,,,
블러드본,,,,,
파이어엠블렘 시리즈,파이어엠블렘,파이어 엠블렘,파이어엠블렘 풍화설월,페이트 시리즈,파이어엠블렘풍화설월
용과 같이,용과같이,,,,
뉴 단간론파 V3,뉴 단간론파V3,뉴단간론파V3,단간론파,슈퍼 단간론파 2,슈퍼 단간론파2
파이널 판타지 4,파이널 판타지 14,파이널 판타지14,파이널 판타지,파이널판타지,파이널판타지14
팝픈뮤직,,,,,
fate/stay night,Fate/stay night,fate stay night(UBW),fate,,
파크라이5,파크라이4,파라라이,,,
젤다의 전설,젤다의전설,,,,
음양사,,,,,
마비노기 영웅전,마비노기,,,,
폴아웃3,폴아웃,폴아웃 4,폴아웃 뉴베가스,,
핫라인 마이애미,,,,,
파판15,파판14,파판14),,,
페이트 스트레인지 페이크,페이트/스트레인지 페이크,페이트,페이트 스테이 나이트,,
파이어엠블렘,파이어 엠블렘,파이어엠블렘 시리즈,파이어엠블렘풍화설월,파이어엠블렘 풍화설월,파이어 엠블렘 풍화설월
페이트 시리즈,페이트시리즈,페이트 시리즈(스테이나이트,페이트,페이트 시리즈(페이트 아포크리파,페르소나 시리즈
폴아웃,폴아웃3,폴아웃 4,폴아웃 뉴베가스,,
오리지널(창작),오리지널(1차창작),오리지널창작,오리지널 창작,오리지널,오리지널 캐릭터(oc)
에스케이에이트,에스케이 에이트,에스케이에이트 SK8,sk8 에스케이 에이트,에스케이 에이트 sk8,SK8(에스케이에이트)
파이어 엠블렘 풍화설월,파이어엠블렘풍화설월,파이어엠블렘 풍화설월,파이어엠블럼 풍화설월,파이어 엠블렘,파이어엠블렘
1차 창작 봉제 인형,1차 창작,1차창작,1차 창작 - 네꾸,1차 창작 만화,창작
어그레츠코,,,,,
오리지널창작,오리지널 창작,오리지널(창작),오리지널,오리지널(1차창작),오리지날
데뷔 못하면 죽는 병 걸림(데못죽),데뷔 못하면 죽는 병 걸림 (데못죽),데뷔못하면죽는병걸림(데못죽),데뷔 못하면 죽는 병 걸림,데뷔 못 하면 죽는 병 걸림 (데못죽),데뷔 못하면 죽는 병에 걸림
주술회전,,,,,
화산귀환,,,,,
귀멸의 칼날,귀멸의칼날,귀멸의칼날/ 앙상블스타즈,,,
쿠키런킹덤,쿠키런 킹덤,쿠키런,,,
MIU404,,,,,
특촬,특촬류,특촬물,특촬물.,특촬 전반,특촬 (가면라이더)
내가 키운 S급들,내가키운S급들,내가 키운 s급들,내가키운s급들,내가키운 s급들,내가키운s급
광마회귀,,,,,
데뷔 못하면 죽는 병 걸림,데뷔 못하면 죽는 병에 걸림,데뷔를 못하면 죽는 병 걸림,데뷔 못하면 죽을 병 걸림,데뷔 못하면 죽는병 걸림,데뷔 못하면  죽는 병 걸림
1차 창작,1차창작,1차 창작 만화,1차 창작 - 네꾸,1차bl창작,1차 창작 봉제 인형
백작가의 망나니가 되었다.,백작가의 망나니가 되었다,,,,
볼트론:전설의 수호자,볼트론 : 전설의 수호자,볼트론 전설의 수호자,볼트론,,
알드노아 제로,,,,,
히프노시스 마이크,히프노시스마이크,,,,
전독시,,,,,
에스케이 에이트,에스케이에이트,에스케이 에이트 sk8,에스케이에이트 SK8,SK8(에스케이에이트),sk8 에스케이 에이트
반지의 제왕,,,,,
데뷔못하면죽는병걸림,데뷔못하면 죽는병걸림,데뷔못하면 죽는병 걸림,데뷔못하면죽는병,데뷔 못하면 죽는병 걸림,데뷔못하면 죽는 병 걸림
데뷔 못 하면 죽는 병 걸림,데뷔 못 하면 죽는 병에 걸림,데뷔 못하면  죽는 병 걸림,데뷔 못 하면 죽은 병 걸림,데뷔 못 하면 죽는 병,데뷔 못 하면 죽는 병 걸림 (데못죽)
데뷔 못하면 죽는 병,데뷔 못하면 죽는병,데뷔 못하면 죽는 병 걸림,데뷔 못하면 죽는병 걸림,데뷔 못하면 죽는 병에 걸림,데뷔를 못하면 죽는 병 걸림
인사반파자구계통,,,,,
전지적 독자 시점,전지적 독자시점,전지적독자시점,전지적독자신청,,
오리지널 창작,오리지널창작,오리지널(창작),오리지널,오리지널(1차창작),오리지널 BL
쿠키런 킹덤,쿠키런킹덤,쿠키런,,,
도쿄 리벤저스,도쿄리벤저스,도쿄 리벤져스,도코 리벤저스,도쿄리벤져스,도리벤
전지적독자시점,전지적 독자시점,전지적 독자 시점,전지적독자신청,,
이누야샤,,,,,
MCU 토르,MCU,MCU 블랙팬서,마블MCU,MCUㅇㅁ,
모모찌,,,,,
쩜오,,,,,
명급리,,,,,
윈피스,원피스,해피니스,,,
1차bl창작,1차창작,1차bl,1차 창작,1차 창작 만화,
내가키운S급들,내가 키운 S급들,내가키운s급들,내가키운 s급들,내가키운s급,내가 키운 s급들
도쿄리벤저스,도쿄 리벤저스,도쿄리벤져스,도쿄 리벤져스,도코 리벤저스,도리벤
로드오브히어로즈,로드오브 히어로즈,로드 오브 히어로즈,로드 오브 히어로즈(LOH),로드오브히어로즈 / 창작문구,로드 오브 히어로즈 (로오히)
케프리와 깃털,,,,,
서뱀프,,,,,
적국의 왕자로 사는 법,적국의 왕자로 사는법,,,,
하프 헤일로,,,,,
스타워즈,스타 워즈,앙스타,BBC 셜록 / 스타워즈 / IT / 기묘한 이야기,앙상블스타즈!!,
백작가의 망나니가 되었다,백작가의 망나니가 되었다.,,,,
로드 오브 히어로즈,로드오브히어로즈,로드오브 히어로즈,로드 오브 히어로즈(LOH),로드 오브 히어로즈 (로오히),로드오브히어로즈 / 창작문구
트위스테,,,,,
버디미션,버디미션본드,버디미션 본드,버디미션bond,버디미션 BOND,
적국의 왕자로 사는법,적국의 왕자로 사는 법,,,,
로드오브 히어로즈,로드오브히어로즈,로드 오브 히어로즈,로즈오브 히어로즈 로오히,로드 오브 히어로즈(LOH),로드 오브 히어로즈 (로오히)
하늘 기록집,,,,,
데못죽,데뷔못하면죽는병,데뷔못하면죽는병걸림,데뷔못하면 죽는병걸림,데뷔못하면 죽는병 걸림,데뷔 못하면 죽는병 걸림
내가키운s급,내가키운s급들,내가키운 s급들,내가 키운 s급들,내가키운S급들,내가키우는s급들
라테일,언더테일,,,,
작품,,,,,
포켓몬스터 소드실드,포켓몬스터 소드.실드,포켓몬스터 소드 실드,포켓몬스터 소드/실드,포켓몬스터 소드&실드,포켓몬스터
전자오락수호대,,,,,
내가키우는s급들,내가키운s급들,내가키운 s급들,내가키운s급,내가 키운 s급들,내가키운S급들
내가 키운 s급들,내가 키운 S급들,내가키운s급들,내가키운 s급들,내가키운s급,내가키운S급들
에리오스 라이징 히어로즈,에리오스라이징히어로즈,에리오스,로드오브 히어로즈,,
sk8,sk8 에스케이 에이트,sk8 (에스케이 에이트),,,
창작 비주얼 노벨,창작,,,,
다크소울,,,,,
동물의숲(모동숲),동물의 숲,,,,
마법사의 약속,,,,,
회색도시 2,회색도시2,회색도시,,,
꽃의 새벽,,,,,
길티기어,,,,,
버디미션 본드,버디미션본드,버디미션,버디미션 BOND,,
로보토미,로보토미 코퍼레이션,,,,
코나미 리듬게임,,,,,
파이어엠블렘 풍화설월,파이어엠블렘풍화설월,파이어엠블럼 풍화설월,파이어 엠블렘 풍화설월,파이어엠블렘,파이어 엠블렘
궤적 시리즈,소닉 시리즈,페이트 시리즈,유희왕 시리즈,영웅전설 시리즈,단간론파 시리즈
데스 스트랜딩,데스노트,,,,
영원한 7일의 도시,영원한7일의도시,,,,
페르소나 시리즈,페르소나,소닉 시리즈,페르소나 Q,페이트 시리즈,페르소나3
노 스트레이트 로드 (NSR),,,,,
세포신곡,세포신곡 시리즈,세포신곡/내스급,,,
뉴단간론파V3,뉴 단간론파V3,뉴 단간론파 V3,단간론파,슈퍼단간론파,뉴단간론파v3 (단간론파 시리즈)
라이브러리오브루이나 로보토미코퍼레이션,라이브러리오브루이나,라이브러리 오브 루이나,이브,,
진여신전생3 녹턴 매니악스,진여신전생3,진 여신전생 3,,,
베리드 스타즈,앙상블 스타즈,,,,
회색도시2,회색도시 2,회색도시,,,
뱅드림! 걸즈 밴드 파티!,뱅드림! 걸즈밴드파티!,뱅드림!,뱅드림,,
버디미션 BOND,버디미션,버디미션 본드,버디미션본드,,
포켓몬스터 소드.실드,포켓몬스터 소드실드,포켓몬스터 소드 실드,포켓몬스터 소드/실드,포켓몬스터 소드&실드,포켓몬스터
버디미션본드,버디미션 본드,버디미션,버디미션bond,버디미션 BOND,
포켓몬스터 소드 실드,포켓몬스터 소드실드,포켓몬스터 소드.실드,포켓몬스터 소드/실드,포켓몬스터 소드&실드,포켓몬스터
전국바사라,,,,,
데스티니 가디언즈,데스티니가디언즈2,,,,
에리오스,에리오스라이징히어로즈,에리오스 라이징 히어로즈,,,
슈퍼로봇대전OG시리즈,슈퍼로봇대전,슈퍼전대,,,
몬스터헌터 xx,몬스터헌터,,,,
라이브러리 오브 루이나,라이브러리오브루이나,라이브러리오브루이나 로보토미코퍼레이션,이브,,
DC코믹스,DC 코믹스,DC코믹스 숲뱃,DC,DC코믹스/DCEU(DCFU)/디씨,dc코믹스
디스코엘리시움,,,,,
아르고나비스,,,,,
샹치,샹치와 텐링즈의 전설,,,,
오토메게임,오토메 게임,오토메게임 이것저것,메트로 게임,,
페르소나 Q,페르소나,페르소나3,페르소나5,페르소나4,페르소나 시리즈
페르소나5,페르소나,페르소나3,페르소나4,페르소나 Q,페르소나 시리즈
파이어엠블럼 풍화설월,파이어엠블렘 풍화설월,파이어엠블렘풍화설월,파이어 엠블렘 풍화설월,파이어엠블렘,파이어 엠블렘
LOL,,,,,
역전재판 시리즈,역전재판,대역전재판,영웅전설 시리즈,소닉 시리즈,궤적 시리즈
신도 야근을 하나요?,,,,,
프린세스 커넥트 리다이브,,,,,
데빌 메이 크라이,,,,,
세포신곡 시리즈,세포신곡,소닉 시리즈,궤적 시리즈,포켓몬시리즈,
진 여신전생 3,진여신전생3,진여신전생3 녹턴 매니악스,,,
진여신전생3,진 여신전생 3,진여신전생3 녹턴 매니악스,,,
로드 오브 히어로즈 (로오히),로드 오브 히어로즈,로드 오브 히어로즈(LOH),로드오브히어로즈,로드오브 히어로즈,로즈오브 히어로즈 로오히
프로젝트 세카이,프로세카,프로젝트 세카이 feat. 하츠네 미쿠,프로젝트 세카이 컬러풀 스테이지! feat.하츠네 미쿠,프로젝트 세카이 컬러풀 스테이지 피쳐링 하츠네 미쿠 (프로세카),동방프로젝트
라이브러리오브루이나,라이브러리 오브 루이나,라이브러리오브루이나 로보토미코퍼레이션,이브,러브라이브,
더 킹오브 파이터즈 (KOF),,,,,
바이오하자드 RE:2,바이오하자드,,,,
버디미션bond,버디미션,버디미션본드,,,
어쌔신 크리드,어쌔씬 크리드,,,,
fate/grand order,Fate/Grand Order,Fate/Grand oder,Fate/GrandOrder,Fate grand oder,fate
드래곤네스트,드래곤볼,,,,
저지먼트 시리즈,페이트 시리즈,소닉 시리즈,궤적 시리즈,페이트시리즈,
원신,,,,,
닌텐도,,,,,
러브 앤 프로듀서,,,,,
애프터라이프,,,,,
로드 오브 히어로즈(LOH),로드 오브 히어로즈,로드 오브 히어로즈 (로오히),로드오브히어로즈,로드오브 히어로즈,
블랙서바이벌,블랙팬서,블랙팬서),,,
포켓몬 불가사의 던전,포켓몬,,,,
앙상블 스타즈!!,앙상블 스타즈!,앙상블스타즈!!,앙상블 스타즈!!뮤직,앙상블 스타즈,앙상블스타즈!
앙상블스타즈!!,앙상블 스타즈!!,앙상블스타즈!,앙상블 스타즈!,앙상블스타즈,앙상블 스타즈!!뮤직
SHOW BY ROCK!,SHOW BY ROCK!!,,,,
앙상블스타즈 리츠마오,앙상블스타즈,앙상블스타즈!,앙상블 스타즈,앙상블스타즈 앙스타,앙상블스타즈!!
앙상블 스타즈!!(앙스타),앙상블 스타즈!(앙스타),앙상블 스타즈(앙스타),앙상블스타즈(앙스타),앙상블 스타즈!!,앙상블 스타즈 앙스타
아이돌마스터 밀리언라이브,아이돌마스터 밀리언 라이브,아이돌 마스터 밀리언 라이브,아이돌 마스터 밀리언 라이브!,아이돌마스터,아이돌마스터 사이드M
데뷔 못하면 죽는 병에 걸림,데뷔 못하면 죽는 병 걸림,데뷔를 못하면 죽는 병 걸림,데뷔 못하면 죽을 병 걸림,데뷔 못하면 죽는병 걸림,데뷔 못하면 죽는 병
아이돌 마스터 시리즈,아이돌 마스터,아이마스 시리즈,아이돌마스터,아이돌 마스터 신데렐라걸즈,아이돌 마스터 신데렐라 걸즈
아이돌마스터 샤이니컬러즈,아이돌마스터,아이돌마스터 사이드M,아이돌 마스터,아이돌마스터/페이트,아이돌마스터 신데렐라걸즈
데못죽(데뷔 못하면 죽는 병 걸림),데뷔 못하면 죽는 병 걸림,데뷔 못 하면 죽는 병 걸림,데뷔 못하면 죽는 병에 걸림,데뷔를 못하면 죽는 병 걸림,데못죽 데뷔 못 하면 죽는 병 걸림
show by rock,,,,,
데뷔 못 하면 죽는 병,데뷔 못 하면 죽는 병 걸림,데뷔 못 하면 죽는 병에 걸림,데뷔 못하면 죽는병,데뷔 못하면  죽는 병 걸림,데뷔못하면죽는병
BanG Dream!,BanG Dream!(뱅드림),,,,
데뷔 못하면 죽는병 걸림,데뷔 못하면 죽는 병 걸림,데뷔 못하면 죽는 병에 걸림,데뷔를 못하면 죽는 병 걸림,데뷔못하면죽는병걸림,데뷔못하면 죽는 병 걸림
데뷔못하면 죽는 병 걸림,데뷔못하면 죽는병걸림,데뷔못하면 죽는병 걸림,데뷔못하면죽는병걸림,데뷔 못하면 죽는병 걸림,데뷔 못하면 죽는 병 걸림
앙스타 앙상블 스타즈,앙스타 (앙상블 스타즈),앙스타 / 앙상블 스타즈,앙상블 스타즈 앙스타,앙스타/앙상블 스타즈,앙스타(앙상블 스타즈!!)
데뷔 못 하면 죽는 병에 걸림,데뷔 못 하면 죽는 병 걸림,데뷔 못하면  죽는 병 걸림,데뷔 못 하면 죽은 병 걸림,데뷔 못 하면 죽는 병,데뷔 못하면 죽는 병에 걸림
하나돌,,,,,
데뷔못하면 죽는병 걸림,데뷔못하면 죽는병걸림,데뷔못하면 죽는 병 걸림,데뷔못하면죽는병걸림,데뷔못하면죽는병,데뷔 못하면 죽는병 걸림
앙스타(앙상블 스타즈!!),앙스타/앙상블 스타즈,앙스타 (앙상블 스타즈),앙상블 스타즈!!(앙스타),앙상블 스타즈!(앙스타),앙상블 스타즈(앙스타)
데레스테,데레마스,신데렐라스테이지,,,
데뷔못하면 죽는병걸림,데뷔못하면 죽는병 걸림,데뷔못하면죽는병걸림,데뷔못하면 죽는 병 걸림,데뷔못하면죽는병,데뷔 못하면 죽는병 걸림
대뷔 못하면 죽는 병걸림,데뷔 못하면 죽는 병 걸림,데뷔 못하면 죽는병 걸림,데뷔 못하면 죽는 병에 걸림,데뷔를 못하면 죽는 병 걸림,데뷔 못하면 죽는 병
앙상블 스타즈!!뮤직,앙상블 스타즈!!,앙상블스타즈!! 뮤직,앙상블 스타즈!,앙상블스타즈!!,앙상블 스타즈
데뷔 못 하면 죽은 병 걸림,데뷔 못 하면 죽는 병 걸림,데뷔 못 하면 죽는 병에 걸림,데뷔 못하면  죽는 병 걸림,데뷔 못 하면 죽는 병,데뷔 못 하면 죽는 병 걸림 (데못죽)
데뷔못하면죽는병,데뷔못하면죽는병걸림,데뷔 못하면 죽는병,데뷔 못하면 죽는 병,데뷔못하면 죽는병걸림,데뷔 못 하면 죽는 병
아이돌 마스터 밀리언 라이브!,아이돌 마스터 밀리언 라이브,아이돌마스터 밀리언라이브,아이돌마스터 밀리언 라이브,아이돌 마스터,아이돌 마스터 시리즈
쇼바이락,,,,,
오토마타,,,,,
슈퍼내츄럴,슈퍼내추럴,슈내,,,
명탐정코난 등,명탐정코난,명탐정 코난,,,
아이마스 시리즈,아이돌 마스터 시리즈,아이언맨 시리즈,페이트 시리즈,아이돌마스터 신데렐라걸즈,아이돌마스터 밀리언라이브
문구,,,,,
디즈니,디즈니 모아나,디즈니/픽사/드림웍스,디즈니/디픽드/겨울왕국,디즈니 트위스티드 원더랜드,
DJMAX,,,,,
맨프롬엉클,,,,,
유희왕,유희왕 시리즈,유희왕 5D's,유희왕 5D'S,유희왕 ZEXAL,
아이돌리쉬 세븐(IDOLiSH7),아이돌리쉬 세븐,아이돌리쉬세븐,아이돌리쉬 세븐.,아이돌리쉬7,
쿠로바스,원펀맨/쿠로바스/하이큐,,,,
종말의 세라프,,,,,
마이 히어로 아카데미아,나의 히어로 아카데미아,나의 히어로아카데미아,히어로 아카데미아,나의히어로아카데미아,나의 히어로 아카데미아 히로아카
겁쟁이 페달,겁쟁이페달,,,,
앤틱 드롭 이어링,앤틱 드롭스타일 이어링,,,,
バンドやろうぜ！(반야로),バンドやろうぜ！,バンやろ),,,
80\\\'s city ガール,80\\\\\\\'s city girl style,,,,
페이트/스트레인지 페이크,페이트 스트레인지 페이크,페이트,,,
닌타마 란타로,닌타마,,,,
겁쟁이페달,겁쟁이 페달,,,,
B-project,B-Project,-,,,
하이큐!,하이큐!!,하이큐,,,
앙스타 +a,앙스타,앙스타 반야로,앙스타 데레스테,스타 트렉,스타 워즈
쿠로코의농구,쿠로코의 농구,,,,
볼트론,볼트론:전설의 수호자,볼트론 전설의 수호자,볼트론 : 전설의 수호자,,
대역전재판,역전재판,역전재판 시리즈,,,
다색상환,,,,,
오소마츠상!,오소마츠상,오소마츠 상,,,
신데렐라걸즈(아이돌마스터),,,,,
포켓몬시리즈,포켓몬,세포신곡 시리즈,포켓몬스터,,
신비한동물사전,신비한 동물사전,신비한동물사전 (신동사),,,
테일즈오브제스티리아,테일즈 오브 제스티리아,,,,
강철의 연금술사,,,,,
앙스타 / 앙상블 스타즈,앙스타/앙상블 스타즈,앙스타 앙상블 스타즈,앙스타 (앙상블 스타즈),앙스타(앙상블 스타즈!!),앙상블 스타즈! / 앙상블 스타즈!!
dc코믹스,dc 코믹스,DC코믹스,DC 코믹스,마블 코믹스,
마블 시네마틱 유니버스,마블 시네마틱 유니버스),마블시네마틱유니버스,MCU(마블 시네마틱 유니버스),마블 시네마틱 유니버스(통칭 MCU),MCU 마블 시네마틱 유니버스
핸드메이드 천연석팔찌를 만듦,핸드메이드,,,,
문호 스트레이 독스,문호 스트레이독스,문호스트레이독스,,,
페이트 그랜드오더,페이트 그랜드 오더,페이트그랜드오더,페이트/그랜드오더,페이트/그랜드 오더,페이트 그랜드 오더(페그오)
신데마스,데레마스,신데렐라스테이지,,,
볼트론 전설의 수호자,볼트론 : 전설의 수호자,볼트론:전설의 수호자,볼트론,,
귀엽고 아기자기한 무언가들 . . ...,,,,,
미정,,,,,
디즈니/픽사/드림웍스,디즈니,,,,
문호 스트레이독스,문호 스트레이 독스,문호스트레이독스,스트레이키즈,,
꽃길만걷곰,,,,,
셜록 홈즈,셜록홈즈,셜록,,,
오소마츠 상,오소마츠상,오소마츠상!,오비츠 의상,,
왕은웃었다,왕은 웃었다,,,,
아이돌마스터/페이트,아이돌마스터,아이돌 마스터,아이돌마스터 사이드M,아이돌마스터 밀리언라이브,아이돌마스터 샤이니컬러즈
앙상블스타즈 메이즈러너,앙상블스타즈,앙상블스타즈!,앙상블 스타즈,앙상블스타즈 앙스타,앙스타
창작 앙스타 언더테일,앙스타,창작,,,
랑야방,,,,,
청의 엑소시스트,,,,,
마블 오버워치 디씨 스타트렉 스타워즈,오버워치,마블,오버워치 디씨 마블,디씨,
나츠메 우인장,나츠메우인장,,,,
조커게임,,,,,
FF14(파이널판타지14),파이널판타지,파판14 (파이널판타지14,FF14,파이널 판타지,파이널 판타지 14(파판14
ACCA 13구 감찰과,A3,,,,
Fate/stay night,fate/stay night,fate stay night(UBW),Fate,,
뉴 단간론파V3,뉴 단간론파 V3,뉴단간론파V3,단간론파,슈퍼 단간론파2,슈퍼 단간론파 2
삼국지,삼국지: 명장 관우,삼국지 기반 전작품,,,
이브,꿈의라이브프리즈스톤,꿈의라이브프리즘스톤,라이브러리오브루이나,라이브러리 오브 루이나,라이브러리오브루이나 로보토미코퍼레이션
OFF,FF14,FFXV,,,
A3!(에이쓰리),A3!(에스리),A3!,A3,,
짱,,,,,
디즈니 모아나,디즈니,,,,
쿠농,,,,,
슬기로운 감빵생활,,,,,
크툴루의 부름,크툴루의 부름 TRPG,,,,
저리 마블 덩케,마블,,,,
마법소녀 마도카 마기카,마법소녀마도카마기카,,,,
HQ,,,,,
하이큐/히로아카/디씨마블,히로아카,하이큐,,,
울려라!유포니엄,,,,,
모브사이코,모브사이코100,모브사이코 100,,,
히어로즈 플랜 비,마블히어로즈,,,,
메이즈 러너,메이즈러너,메이즈러너 데스큐어,,,
팬레터,,,,,
블랙팬서(마블),블랙팬서),블랙팬서,,,
닥터후,,,,,
엑스맨,엑스맨무비,엑스맨 로건,킹스맨,,
셜록,셜록홈즈,셜록/존,셜록 홈즈,,
마블(캡틴 아메리카),마블(캡틴아메리카),마블 캡틴아메리카,캡틴 아메리카,캡틴아메리카,마블
마블 (MCU),마블(MCU),마블 MCU,마블(MCU,마블MCU,마블(MCU:CA-CW)
어벤져스 영화,어벤져스,어벤져스 메이즈러너,어벤저스,,
bbc 셜록,bbc셜록,,,,
스타트렉(AOS),스타트렉(AOS,스타트렉 AOS,스타트렉(영화)AOS,스타트렉,스타 트렉
마블 MCU 어벤져스,마블 어벤져스,마블 MCU,마블MCU,마블(어벤져스,마블 무비 어벤저스
DC 영화,DC,DC 코믹스,DC 배트맨,DC 슈퍼맨,
어메이징 스파이더맨,,,,,
마블시네마틱유니버스,마블 시네마틱 유니버스,마블 시네마틱 유니버스),MCU 마블 시네마틱 유니버스,마블유니버스,MCU(마블 시네마틱 유니버스)
신비한동물사전 (신동사),신비한동물사전,신비한 동물사전,신동사 등,,
에그제이드,,,,,
크리미널 마인드,,,,,
토르 시리즈(MCU),마블 (MCU),캡틴 아메리카(MCU),토르,마블(MCU),
마블(어벤저스),마블(어벤져스),마블(어벤져스,어벤저스,마블 무비 어벤저스,마블 어벤져스
BBC 셜록,BBC셜록,BBC 드라마 셜록,BBC 셜록 / 스타워즈 / IT / 기묘한 이야기,,
그린랜턴,,,,,
mcu마블,mcu,,,,
앤틱+클랙식의 아름다움을 전하는 쥬얼리,,,,,
톨킨,톨킨(영화 호빗 3부작),,,,
로그원,로그호라,,,,
엑스맨 로건,엑스맨,엑스맨무비,,,
타짜,,,,,
섀도우 헌터,섀도우 헌터스,섀도우헌터,섀도우헌터스,섀도우헌터스(미드),
마블(MCU),마블 (MCU),마블(MCU,마블MCU,마블 MCU,마블(MCU:CA-CW)
DC코믹스 숲뱃,DC코믹스,DC 코믹스,DC,,
제너레이션킬,제너레이션 킬,제네레이션 킬,,,
앤트맨,배트맨,더배트맨,,,
특촬류,특촬,특촬물,특촬물.,,
가면라이더 빌드,가면라이더 위자드,가면라이더,가면라이더 드라이브,가면라이더 디케이드,가면라이더 에그제이드
가면라이더 드라이브,가면라이더 빌드,가면라이더,가면라이더 위자드,가면라이더 가이무,가면라이더 디케이드
신과함께,,,,,
조진웅 필모그래피,조지눙 필모,,,,
가면라이더 고스트,가면라이더,가면라이더 리바이스,가면라이더 오즈,가면라이더 빌드,가면라이더 더블
데드풀*스파이더맨,데드풀,,,,
시그널,,,,,
마블/어벤져스/블랙팬서,마블 어벤져스,마블(어벤져스,어벤져스,마블(어벤져스),마블 블랙 팬서
특촬물,특촬물.,특촬,특촬류,,
매그니피센트 7,매그니피센트7,,,,
마블MCU,마블 MCU,마블(MCU,마블(MCU),마블 (MCU),마블 MCU 어벤져스
특촬 (가면라이더),가면라이더,특촬 가면라이더 시리즈,특촬,,
후궁견환전,,,,,
BBC 셜록 / 스타워즈 / IT / 기묘한 이야기,BBC 셜록,BBC셜록,스타워즈,,
조지눙 필모,조진웅 필모그래피,,,,
불한당,,,,,
MCU 어벤져스 시리즈,어벤져스,MCU,마블 어벤져스,마블 MCU 어벤져스,
제너레이션 킬,제너레이션킬,제네레이션 킬,,,
한니발,,,,,
슈내,슈퍼내추럴,슈퍼내츄럴,,,
데어데블,데어데블(드라마)),데바데,,,
가면라이더 시리즈,가면라이더 오즈,가면라이더,가면라이더 리바이스,가면라이더 빌드,가면라이더 더블
워킹데드,,,,,
레전드히어로삼국전,레전드히어로 삼국전,레전드 히어로 삼국전,레전드 히어로 삼국전(레히삼),,
토에이 특촬,,,,,
신세계,,,,,
토르/마블,토르,,,,
원라인,,,,,
특촬물.,특촬물,특촬,특촬류,,
아이언맨,아이언맨 시리즈,마블 아이언맨 토니스타크,,,
레전드 히어로 삼국전(레히삼),레전드 히어로 삼국전,레전드히어로삼국전,레전드히어로 삼국전,레히삼,
로건,,,,,
스타트렉 덩케르크,스타트렉,스타 트렉,트렉,스타트렉 AOS,
미녀와야수,,,,,
인셉션,,,,,
에드거앨런포,,,,,
홈커밍,,,,,
디씨,디씨 DC,디씨 마블,디씨(DCEU),마블 오버워치 디씨 스타트렉 스타워즈,
어벤져스 캡틴아메리카 아이언맨,캡틴아메리카,캡틴 아메리카,어벤져스,마블 캡틴아메리카,어벤져스 메이즈러너
캡틴 아메리카(MCU),캡틴아메리카(MCU),캡틴 아메리카,캡틴아메리카,마블 (MCU),토르 시리즈(MCU)
검은 사제들,검은사제들,,,,
가면라이더 더블,가면라이더,가면라이더 오즈,가면라이더 빌드,가면라이더 덴오,가면라이더 포제
트렉,스타트렉 AOS,스타트렉(AOS,스타트렉(AOS),스타트렉 덩케르크,스타트렉 디스커버리
쥬라기월드,,,,,
아토믹 블론드,,,,,
베이비드라이버,,,,,
스타트렉 리부트(영화),스타트렉(영화)AOS,스타트렉,스타 트렉,트렉,스타트렉(AOS)
디씨 마블,디씨,디씨 DC,,,
전우치,,,,,
영화 마스터,아이돌 마스터,,,,
마블무비,마블,마블 무비 어벤저스,,,
Glee,,,,,
tvN 종영 드라마 비밀의 숲,,,,,
DC / MARVEL,DC,,,,
마블(어벤져스),마블(어벤져스,마블(어벤저스),마블 어벤져스,어벤져스,마블 MCU 어벤져스
특촬 가면라이더 시리즈,특촬 (가면라이더),가면라이더,가면라이더 시리즈,특촬,
스타트렉 디스커버리,스타트렉,스타 트렉,트렉,스타트렉 AOS,스타트렉 리부트(영화)
spiderman homecoming,,,,,
마블 블랙 팬서,마블,마블/어벤져스/블랙팬서,,,
레전드히어로 삼국전,레전드히어로삼국전,레전드 히어로 삼국전,레전드 히어로 삼국전(레히삼),,
삼국지 기반 전작품,삼국지,,,,
Marvel\'s the Avengers,Marvel,,,,
셜록홈즈,셜록 홈즈,셜록,,,
Dc,,,,,
스타트렉(영화)AOS,스타트렉(AOS,스타트렉(AOS),스타트렉 AOS,스타트렉 리부트(영화),스타트렉
DC코믹스/DCEU(DCFU)/디씨,DC코믹스,DCEU,DC,,
저스티스리그,인저스티스,스타스토리,스토브리그,,
HiGH&LOW,,,,,
특촬 전반,특촬,,,,
위장자,,,,,
캡틴아메리카(MCU),캡틴 아메리카(MCU),캡틴아메리카,캡틴 아메리카,마블 캡틴아메리카,마블(MCU)
써클 : 이어진 두 세계,,,,,
섀도우헌터,섀도우헌터스,섀도우 헌터,섀도우 헌터스,섀도우헌터스(미드),
햄록 그로브,,,,,
mcu,mcu마블,,,,
피치퍼펙트,,,,,
star trek,,,,,
매그니피센트7,매그니피센트 7,,,,
마블(MCU:CA-CW),마블(MCU,마블 (MCU),마블MCU,마블(MCU),MCU
스타 워즈,스타워즈,스타 트렉,앙스타 +a,,
가면라이더 디케이드,가면라이더 빌드,가면라이더 에그제이드,가면라이더 이그제이드,가면라이더,가면라이더 위자드
별자리팔찌 귀걸이,,,,,
가면라이더 덴오,가면라이더 오즈,가면라이더,가면라이더 빌드,가면라이더 더블,가면라이더 포제
배트맨 대 슈퍼맨 : 돈 오브 저스티스,배트맨 대 슈퍼맨,배트맨,,,
스팁토니,,,,,
마블 시네마틱 유니버스(통칭 MCU),마블 시네마틱 유니버스),마블 시네마틱 유니버스,마블시네마틱유니버스,마블유니버스,마블
가디언즈 오브 갤럭시,,,,,
영화 그것It (2017),,,,,
메이즈러너 데스큐어,메이즈러너,메이즈 러너,,,
검은사제들,검은 사제들,,,,
스타트랙,스타트렉,스타 트렉,앙스타,스타트렉 AOS,스타트렉(AOS
수전전대 쿄류쟈,,,,,
스타트렉 AOS,스타트렉(AOS,스타트렉(AOS),스타트렉(영화)AOS,스타트렉,스타 트렉
마블 MCU,마블MCU,마블 (MCU),마블(MCU,마블(MCU),마블 MCU 어벤져스
어벤져스 메이즈러너,어벤져스,어벤져스 영화,어벤져스 캡틴아메리카 아이언맨,,
마블(스파이더맨_홈커밍),스파이더맨 홈커밍,스파이더맨,마블,MCU - 스파이더맨 홈커밍,
울트라맨 오브,울트라맨 타이가,,,,
벤애플렉 필모,,,,,
라그나로크,토르 라그나로크,,,,
Thor: Ragnorak,,,,,
MCUㅇㅁ,MCU,MCU 토르,,,
톨킨(영화 호빗 3부작),톨킨,,,,
마블관련 토르,마블-토르,마블(토르,마블,,
마블 아이언맨 토니스타크,아이언맨,마블,,,
디지몬,,,,,
도쿄 리벤져스,도쿄리벤져스,도쿄 리벤저스,도쿄리벤저스,도리벤,도코 리벤저스
잔차품,,,,,
두 마녀 이야기,마녀와 까마귀 이야기,,,,
오리지널(1차창작),오리지널(창작),오리지널창작,오리지널 창작,오리지널,오리지널 캐릭터(oc)
paradox live,,,,,
데뷔하지 못하면 죽는 병(데못죽),데뷔 못하면 죽는 병 걸림(데못죽),데뷔 못하면 죽는 병 걸림 (데못죽),데뷔 못하면 죽는 병,데뷔못하면죽는병걸림(데못죽),데뷔 못하면 죽는병
파라라이,파라독스 라이브,파크라이5,파크라이4,,
베이블레이드,,,,,
유희왕 5D's,유희왕 5D'S,유희왕,,,
내가키운 s급들,내가키운s급들,내가 키운 s급들,내가키운s급,내가키운S급들,내가 키운 S급들
마도조사,,,,,
수공예 악세사리,레진공예악세사리,수공예,창작 악세사리,,
봉제인형,,,,,
도리벤,도쿄리벤저스,도쿄리벤져스,도쿄 리벤저스,도쿄 리벤져스,도코 리벤저스
죠죠의기묘한모험,죠죠의 기묘한 모험,죠죠의 기묘한 모험 3부,죠죠의 기묘한 모혐,죠죠의 기묘한 모험 (5부),죠죠의 기묘한 모험 5부 위주
바람이 강하게 불고 있다,,,,,
씨를 뿌리는 사람,,,,,
어두운 바다의 등불이 되어,어두운바다의등불이되어(어바등),어바등,,,
프로세카,프로젝트 세카이,프로젝트 세카이 feat. 하츠네 미쿠,프로젝트세카이 컬러풀스테이지(프로세카),프로젝트 세카이 컬러풀 스테이지! feat.하츠네 미쿠,프로젝트 세카이 컬러풀 스테이지 피쳐링 하츠네 미쿠 (프로세카)
전지적독자신청,전지적독자시점,전지적 독자시점,전지적 독자 시점,,
창작 소설,창작,창작 만화,,,
데뷔 못하면 죽는 병 걸림 (데못죽),데뷔 못하면 죽는 병 걸림(데못죽),데뷔못하면죽는병걸림(데못죽),데뷔 못 하면 죽는 병 걸림 (데못죽),데뷔 못하면 죽는 병 걸림,데뷔 못하면 죽는 병에 걸림
유희왕 시리즈,유희왕,소닉 시리즈,궤적 시리즈,페이트 시리즈,
내스급,,,,,
앙상블 스타즈 앙스타,앙상블 스타즈(앙스타),앙상블스타즈 앙스타,앙상블 스타즈!(앙스타),앙상블스타즈(앙스타),앙상블 스타즈
나의히어로아카데이마,나의히어로아카데미아,나의 히어로아카데미아,나의 히어로 아카데미아,히로아카,나의 히어로 아카데미아 히로아카
도쿄리벤져스,도쿄 리벤져스,도쿄리벤저스,도쿄 리벤저스,도리벤,어벤져스
그 판타지 세계에서 사는 법,그 판타지 세계에서 사는 법(그판세),그 판타지 세계에서 사는 법 (그판세),,,
마호야쿠,,,,,
도코 리벤저스,도쿄 리벤저스,도쿄리벤저스,도쿄 리벤져스,도리벤,도쿄리벤져스
데뷔못하면죽는병걸림(데못죽),데뷔 못하면 죽는 병 걸림(데못죽),데뷔 못하면 죽는 병 걸림 (데못죽),데뷔 못 하면 죽는 병 걸림 (데못죽),데뷔못하면죽는병걸림,데뷔못하면 죽는병걸림
Idolish 7,idolish7,,,,
프로젝트 세카이 feat. 하츠네 미쿠,프로젝트 세카이 컬러풀 스테이지! feat.하츠네 미쿠,프로젝트 세카이,프로세카,,
로스트아크,,,,,
데뷔 못하면  죽는 병 걸림,데뷔 못 하면 죽는 병 걸림,데뷔 못 하면 죽는 병에 걸림,데뷔 못 하면 죽은 병 걸림,데뷔 못하면 죽는 병 걸림,데뷔 못하면 죽는 병에 걸림
sk8 에스케이 에이트,sk8 (에스케이 에이트),에스케이에이트,에스케이 에이트,SK8(에스케이에이트),sk8
데뷔를 못하면 죽는 병 걸림,데뷔 못하면 죽는 병 걸림,데뷔 못하면 죽는 병에 걸림,데뷔 못하면 죽을 병 걸림,데뷔 못하면 죽는병 걸림,데뷔 못하면 죽는 병
페이트 그랜드 오더(페그오),페이트 그랜드 오더,페이트 그랜드오더,페이트그랜드오더,페이트/그랜드오더,페이트/그랜드 오더
슈가슈가룬,,,,,
에스케이에이트 SK8,에스케이에이트,에스케이 에이트,에스케이 에이트 sk8,SK8(에스케이에이트),
반월당,,,,,
앙상블 스타즈! / 앙상블 스타즈!!,앙상블 스타즈 앙스타,앙상블 스타즈!,앙상블 스타즈!(앙스타),앙상블 스타즈,앙상블스타즈!
의다살,다시살다,,,,
에스케이 에이트 sk8,에스케이 에이트,에스케이에이트,에스케이에이트 SK8,SK8(에스케이에이트),
전지적 독자시점,전지적 독자 시점,전지적독자시점,전지적독자신청,,
데못죽 데뷔 못 하면 죽는 병 걸림,데뷔 못하면  죽는 병 걸림,데뷔 못하면 죽는 병 걸림,데못죽(데뷔 못하면 죽는 병 걸림),데뷔 못 하면 죽는 병 걸림,데뷔 못하면 죽는 병에 걸림
1차BL소설,1차 BL,1차 백합소설,,,
기억잡화점,,,,,
창작민화 일러스트,창작 키치 일러스트,창작 일러스트 굿즈,창작,,
로즈오브 히어로즈 로오히,로드오브 히어로즈,로드오브히어로즈,로드 오브 히어로즈 (로오히),로드 오브 히어로즈,
sk8 (에스케이 에이트),sk8 에스케이 에이트,SK8(에스케이에이트),에스케이에이트,에스케이 에이트,sk8
TRPG 인세인 팬메이드 시나리오,TRPG,인세인,,,
SK8(에스케이에이트),에스케이에이트,sk8 (에스케이 에이트),에스케이 에이트,sk8 에스케이 에이트,SK8
문과라도 안 죄송한 이세계로 감,,,,,
1차 백합소설,1차BL소설,,,,
물고양이,,,,,
천관사복,,,,,
디즈니/디픽드/겨울왕국,디즈니,,,,
데뷔 못하면 죽는병,데뷔 못하면 죽는 병,데뷔못하면죽는병,데뷔 못하면 죽는병 걸림,데뷔 못 하면 죽는 병,데뷔 못하면 죽는 병 걸림
내가키운s급들,내가키운 s급들,내가키운s급,내가 키운 s급들,내가키운S급들,내가키우는s급들
에이티식스,,,,,
유희왕 5D'S,유희왕 5D's,유희왕,,,
오토메게임 이것저것,오토메게임,오토메 게임,,,
수공예,수공예 악세사리,,,,
가즈나이트,문나이트,,,,
죠죠의 기묘한 모험 3부,죠죠의 기묘한 모험,죠죠의 기묘한 모험 (5부),죠죠의 기묘한 모험 5부 위주,죠죠의기묘한모험,죠죠의 기묘한 모혐
SK8,SK8(에스케이에이트),,,,
데뷔 못하면 죽을 병 걸림,데뷔 못하면 죽는 병 걸림,데뷔 못하면 죽는 병에 걸림,데뷔를 못하면 죽는 병 걸림,데뷔 못하면 죽는병 걸림,데뷔 못하면  죽는 병 걸림
앙상블스타즈 앙스타,앙상블스타즈(앙스타),앙상블 스타즈 앙스타,앙상블 스타즈(앙스타),앙상블스타즈,앙상블 스타즈!(앙스타)
연극성 회귀 생활,,,,,
리그 오브 레전드(롤),리그오브레전드,,,,
도로헤도로,,,,,
창작 키치 일러스트,창작민화 일러스트,창작 일러스트 굿즈,창작,,
만달로리안,,,,,
미래를알수없음,,,,,
문송안함 기타판소,문송안함,,,,
그 판타지 세계에서 사는 법(그판세),그 판타지 세계에서 사는 법 (그판세),그 판타지 세계에서 사는 법,,,
파라독스 라이브,파라라이,,,,
진혼기,,,,,
쿠킹덤,,,,,
귀멸의칼날/ 앙상블스타즈,귀멸의칼날,귀멸의 칼날,앙스타 앙상블 스타즈,앙스타 / 앙상블 스타즈,
주인공이 컨셉충이면 곤란한가요,,,,,
흡혈귀는 툭하면 죽는다,흡혈귀는툭하면죽는다,,,,
앰피비아(Amphibia),앰피비아,,,,
아울하우스,,,,,
밴드 오브 브라더스(드라마),,,,,
로드오브히어로즈 / 창작문구,로드오브히어로즈,로드오브 히어로즈,로드 오브 히어로즈,,
드래곤볼,드래곤네스트,드래곤에이지,,,
어두운바다의등불이되어(어바등),어두운 바다의 등불이 되어,어바등,,,
죠죠의 기묘한 모험 (5부),죠죠의 기묘한 모험 3부,죠죠의 기묘한 모험 5부 위주,죠죠의 기묘한 모험,죠죠의기묘한모험,죠죠의 기묘한 모혐
그래비티 폴즈,,,,,
유희왕 ZEXAL,유희왕,,,,
아이돌리 프라이드,아이돌마스터 사이드M,아이돌리쉬 세븐,아이돌마스터 밀리언라이브,아이돌마스터 밀리언 라이브,아이돌리쉬7
귀멸의칼날,귀멸의 칼날,귀멸의칼날/ 앙상블스타즈,,,
가라오케 가자!,가라오케 가자,,,,
파이어엠블렘풍화설월,파이어엠블렘 풍화설월,파이어 엠블렘 풍화설월,파이어엠블럼 풍화설월,파이어엠블렘,파이어 엠블렘
프로젝트 세카이 컬러풀 스테이지! feat.하츠네 미쿠,프로젝트 세카이 feat. 하츠네 미쿠,프로젝트 세카이 컬러풀 스테이지 피쳐링 하츠네 미쿠 (프로세카),프로젝트 세카이,프로세카,
앙상블스타즈!! 뮤직,앙상블 스타즈!!뮤직,앙상블스타즈!!,앙상블스타즈!,앙상블 스타즈!!,앙상블스타즈
노릇노릇 오리지널 스티커/문구,오리지널,,,,
1차 창작 만화,1차 창작,1차창작,창작 만화,1차 창작 - 네꾸,1차 창작 봉제 인형
NU카니발,NU:카니발,Nu:카니발,,,
죠죠의 기묘한 모험 5부 위주,죠죠의 기묘한 모험 (5부),죠죠의 기묘한 모험 3부,죠죠의 기묘한 모험,죠죠의기묘한모험,죠죠의 기묘한 모혐
더블크로스,,,,,
트랜스포머 프라임,트랜스포머,,,,
Nu:카니발,NU:카니발,NU카니발,,,
니지산지,리니지,,,,
스파이패밀리,스파이더맨,,,,
동화적인 그림,,,,,
월드 트리거,월드트리거,,,,
데스티니가디언즈2,데스티니 가디언즈,,,,
핸드메이드,핸드메이드 천연석팔찌를 만듦,핸드메이드 스팀펑크&레진아트 악세사리,,,
창작 만화,1차 창작 만화,창작,창작 소설,,
포켓몬스터 소드/실드,포켓몬스터 소드실드,포켓몬스터 소드.실드,포켓몬스터 소드 실드,포켓몬스터 소드&실드,포켓몬스터
앰피비아,앰피비아(Amphibia),,,,
프로젝트 세카이 컬러풀 스테이지 피쳐링 하츠네 미쿠 (프로세카),프로젝트세카이 컬러풀스테이지(프로세카),프로젝트 세카이 컬러풀 스테이지! feat.하츠네 미쿠,프로젝트 세카이,프로세카,
창작문구,창작,,,,
히어로 아카데미아,나의히어로아카데미아,나의 히어로아카데미아,나의 히어로 아카데미아,마이 히어로 아카데미아,히로아카
마기카로기아,,,,,
데뷔 못 하면 죽는 병 걸림 (데못죽),데뷔 못 하면 죽는 병 걸림,데뷔못하면죽는병걸림(데못죽),데뷔 못하면 죽는 병 걸림 (데못죽),데뷔 못하면 죽는 병 걸림(데못죽),데뷔 못 하면 죽는 병에 걸림
디즈니 트위스티드 원더랜드,트위스티드 원더랜드,디즈니,,,
이터널 리턴,,,,,
레진키링 탑로더 하트쉐이커,,,,,
사미인사,,,,,
마물인 게 뭐가 어때서,,,,,
인소의 법칙,,,,,
흡혈귀는툭하면죽는다,흡혈귀는 툭하면 죽는다,,,,
적왕사,,,,,
프로젝트세카이 컬러풀스테이지(프로세카),프로젝트 세카이 컬러풀 스테이지 피쳐링 하츠네 미쿠 (프로세카),프로세카,프로젝트 세카이,,
세포신곡/내스급,세포신곡,,,,
오리지널 캐릭터(oc),오리지널,오리지널(창작),오리지널 창작,오리지널 BL,오리지널(1차창작)
동양무드악세,,,,,
사기당한 혼인,,,,,
인세인,TRPG 인세인 팬메이드 시나리오,,,,
쉬라,,,,,
키치미소녀,,,,,
테일즈런너,,,,,
엘든링,,,,,
스타스토리,메이플스토리,저스티스리그,,,
NU:카니발,NU카니발,Nu:카니발,,,
도자 미니 피규어,도자기 미니어처,,,,
에리오스라이징히어로즈,에리오스 라이징 히어로즈,에리오스,,,
007,,,,,
울트라맨 타이가,울트라맨 오브,,,,
MCU 마블 시네마틱 유니버스,마블시네마틱유니버스,MCU(마블 시네마틱 유니버스),마블 시네마틱 유니버스,마블 시네마틱 유니버스),MCU
뮤지컬 더픽션,,,,,
가면라이더 이그제이드,가면라이더 에그제이드,가면라이더 디케이드,가면라이더 빌드,가면라이더 포제,가면라이더
BBC 드라마 셜록,BBC 셜록,,,,
문나이트,가즈나이트,페이트,,,
듄,,,,,
30살까지 동정이면 마법사가 될 수 있대,30세까지 동정이면 마법사가 될 수 있대,30살까지 동정이면 마법사가 될 수 있대(30歳まで童貞だと魔法使いになれるらしい),,,
기묘한 이야기(스띵),,,,,
체리마호,,,,,
가면라이더 위자드,가면라이더 빌드,가면라이더,가면라이더 드라이브,가면라이더 디케이드,가면라이더 오즈
가면라이더 가이무,가면라이더,가면라이더 드라이브,가면라이더 디케이드,가면라이더 리바이스,가면라이더 오즈
기계전대 젠카이쟈,기계전대 젠카이저,해적전대 고카이저,,,
기계전대 젠카이저,기계전대 젠카이쟈,해적전대 고카이저,,,
미래전대 타임레인저,,,,,
스토브리그,저스티스리그,,,,
특명전대 고버스터즈,,,,,
팔콘과윈터솔져,팔콘앤윈터솔져,,,,
스파이더맨 실사영화,스파이더맨,스파이더맨 홈커밍,,,
해적전대 고카이저,기계전대 젠카이저,기계전대 젠카이쟈,,,
30살까지 동정이면 마법사가 될 수 있대(30歳まで童貞だと魔法使いになれるらしい),30살까지 동정이면 마법사가 될 수 있대,30세까지 동정이면 마법사가 될 수 있대,,,
쾌도전대 루팡렌쟈 VS 경찰전대 패트렌쟈,,,,,
마블 드라마,마블,,,,
엄브렐러 아카데미,히어로 아카데미아,,,,
시맨틱에러(드라마),2(드라마),,,,
30세까지 동정이면 마법사가 될 수 있대,30살까지 동정이면 마법사가 될 수 있대,30살까지 동정이면 마법사가 될 수 있대(30歳まで童貞だと魔法使いになれるらしい),,,
프로야구생존기(카카페),,,,,
아이실드21,,,,,
이나즈마 일레븐,,,,,
가비지타임,,,,,
free!,Free!,Free!(프리),,,
Free!(프리),Free!,free!,,,
다이아몬드에이스,다이아몬드 에이스,,,,
블루록,,,,,
파이널판타지,파이널 판타지,파이널판타지14,파이널판타지15,파이널 판타지14,파이널 판타지 4
다음웹툰 천연,,,,,
케이툰 포근한 그남자,,,,,
K,,,,,
개인창작,,,,,
BL(19),,,,,
헤테로 창작회지,,,,,
바나나피쉬,,,,,
룬의 아이들,,,,,
로키,,,,,
마스킹 테이프,마스킹테이프,,,,
메모지,떡메모지,,,,
전용,,,,,
뱅드림! 걸즈밴드파티!,뱅드림! 걸즈 밴드 파티!,뱅드림!,뱅드림,,
스티븐 유니버스,스티븐유니버스,마블유니버스,,,
마녀와 까마귀 이야기,두 마녀 이야기,,,,
쇼-트 스토리즈,-,,,,
빨간망토,,,,,
그림집,그림책,,,,
창작 일러스트 굿즈,창작민화 일러스트,창작 키치 일러스트,창작,,
창작 악세사리,수공예 악세사리,창작,,,
섀도우헌터스(미드),섀도우헌터스,섀도우헌터,섀도우 헌터스,섀도우 헌터,
세일러문,,,,,
마스킹테이프,마스킹 테이프,팬시테이프,,,
디자인테이프,팬시테이프,,,,
팬시테이프,마스킹테이프,디자인테이프,,,
스티커,,,,,
볼트론 : 전설의 수호자,볼트론:전설의 수호자,볼트론 전설의 수호자,볼트론,,
Voltron: legendary defender,,,,,
VLD,,,,,
D.Gray-man,.,,,,
데코스티커,,,,,
신동사 등,신비한동물사전 (신동사),,,,
오리지널 BL,오리지널,오리지널 창작,오리지널창작,오리지날,오리지널 캐릭터(oc)
페이트 시리즈(페이트 아포크리파,페이트 시리즈,페이트시리즈,페이트 시리즈(스테이나이트,페이트,
페이트그랜드 오더 etc),페이트그랜드오더,페이트/그랜드 오더,페이트/그랜드오더,페이트 그랜드오더,페이트 그랜드 오더
카드캡터 사쿠라,카드캡터 체리,,,,
밀리마스,,,,,
러브라이브!,러브라이브,러브라이브! 선샤인,러브라이브! 선샤인!!,러브라이브 선샤인,
BanG Dream!(뱅드림),BanG Dream!,,,,
반야로 (밴드하자!,반야로(밴드하자!),반야로,,,
バンドやろうぜ！,バンドやろうぜ！(반야로),バンやろ),,,
バンやろ),バンドやろうぜ！,バンドやろうぜ！(반야로),,,
아이돌마스터 신데렐라 걸스,아이돌마스터 신데렐라 걸즈,아이돌마스터 신데렐라걸즈,아이돌마스터 신데렐라 걸즈 스타라이트 스테이지,아이돌 마스터 신데렐라걸즈,아이돌마스터 신데렐라걸즈 스타라이트 스테이지
아이돌리쉬 세븐.,아이돌리쉬 세븐,아이돌리쉬세븐,아이돌리쉬7,아이돌리쉬 세븐(IDOLiSH7),아이돌리 프라이드
데레마스,데레스테,신데마스,,,
사이마스,아이돌마스터,아이돌 마스터,아이마스 시리즈,,
히프마이,히프노시스마이크,,,,
안키라,,,,,
달의숨소리,,,,,
레벨1용사,레벨1 용사,,,,
페이트 시리즈(스테이나이트,페이트 스테이 나이트,페이트 시리즈,페이트시리즈,페이트 시리즈(페이트 아포크리파,페이트
그랜드오더),페이트그랜드오더,페이트그랜드 오더 etc),페이트 그랜드 오더(페그오),,
페르소나4,페르소나,페르소나3,페르소나5,페르소나 Q,페르소나 시리즈
,,,,,
fate stay night(UBW),fate/stay night,Fate/stay night,fate,,
fgo,Fgo,,,,
드라마티컬 머더,,,,,
진 삼국무쌍,진삼국무쌍,,,,
회색도시,회색도시2,회색도시 2,,,
파이널 판타지 시리즈,파이널 판타지,파이널 판타지 4,파이널판타지,파이널 판타지 14,파이널 판타지14
필라스 오브 이터니티,,,,,
드래곤에이지,드래곤에이지 인퀴지션,드에,드래곤볼,,
브라운더스트,가면라이더 고스트,,,,
ffxiv,,,,,
FFXV,FFXIV,OFF,,,
dmc,,,,,
용과같이,용과 같이,,,,
바이오하자드,바이오하자드 RE:2,,,,
파판14 (파이널판타지14,파이널 판타지 14(파판14,파이널 판타지 14 파판14,FF14(파이널판타지14),파이널 판타지14 (FF14,파판14
FF14),FF14,Ff14,ff14),파판14),
매스 이펙트,매스이펙트,스타 트렉,,,
데바데(DBD,데바데,,,,
데드바이데이라이트),데드 바이 데이라이트,데바데,,,
폴아웃 4,폴아웃,폴아웃3,폴아웃 뉴베가스,,
폴아웃 뉴베가스,폴아웃,폴아웃 4,폴아웃3,,
데바데,데바데(DBD,데드바이데이라이트),데드 바이 데이라이트,데어데블,
드에,드래곤에이지,드래곤에이지 인퀴지션,,,
파크라이4,파크라이5,파라라이,,,
코우노도리1,,,,,
2(드라마),시맨틱에러(드라마),데어데블(드라마)),,,
도자기 미니어처,도자 미니 피규어,,,,
오비츠 의상,오소마츠 상,오소마츠상,,,
언내추럴,슈퍼내추럴,,,,
동물의 숲,동물의숲(모동숲),비밀의 숲,,,
로스쿨,,,,,
해피니스,원피스,윈피스,,,
드림캐쳐,뱅드림,,,,
썬캐쳐 등,,,,,
괴물,,,,,
제5인격,,,,,
파이널판타지 14,파이널판타지14,파이널 판타지14,파이널 판타지 14,파이널판타지,파이널판타지15
포켓몬스터 소드&실드,포켓몬스터 소드실드,포켓몬스터 소드.실드,포켓몬스터 소드 실드,포켓몬스터 소드/실드,포켓몬스터
노래하는 왕자님(우타프리),노래의 왕자님,,,,
젤다의전설,젤다의 전설,,,,
러브라이브 스쿨아이돌 페스티벌 올스타,러브라이브,,,,
영원한7일의도시,영원한 7일의 도시,,,,
백야극광,,,,,
롤,,,,,
츠키프로(츠키노 프로덕션),츠키프로,츠키노예능프로덕션,,,
VAZZROCK,,,,,
레이디 버그,레이디버그,,,,
주일은 쉽니다,,,,,
페이트시리즈,페이트 시리즈,페이트,페이트 시리즈(스테이나이트,페이트 시리즈(페이트 아포크리파,타입문(페이트시리즈/월희/멜티블러드/공의경계/마법사의밤)
트랜스포머,트랜스포머 프라임,,,,
바이클론즈,,,,,
어쌔씬 크리드,어쌔신 크리드,,,,
떡메모지,메모지,,,,
슈퍼선즈,,,,,
supersons,,,,,
아라시,,,,,
bbc셜록,bbc 셜록,,,,
파이널 판타지 14(파판14,파이널 판타지 14 파판14,파이널 판타지 14,파이널 판타지14 (FF14,파이널 판타지14,파이널 판타지 4
ff14),Ff14,FF14),파판14),,
닌타마,닌타마 란타로,,,,
쌍충,,,,,
마블 코믹스,마블,DC 코믹스,dc 코믹스,마블 어벤져스,DC코믹스
파이널 판타지14 (FF14,파이널 판타지 14(파판14,파이널 판타지14,파이널 판타지 14,파이널판타지14,파이널 판타지 14 파판14
파판14),파판14,파판15,FF14),ff14),
셜록/존,셜록,,,,
nbc한니발,,,,,
마블 무비 어벤저스,마블 어벤져스,마블무비,마블(어벤저스),마블 MCU 어벤져스,마블(어벤져스
윈터솔져,,,,,
DC 슈퍼맨,DC,DC 배트맨,DC 영화,,
검사외전,,,,,
가오갤,,,,,
데드풀,데드풀*스파이더맨,,,,
수어사이드 스쿼드,,,,,
내부자들,,,,,
마블(어벤져스,마블(어벤져스),마블 어벤져스,마블(어벤저스),마블 MCU 어벤져스,마블/어벤져스/블랙팬서
데어데블(드라마)),데어데블,2(드라마),,,
하이앤로우,,,,,
토르1~3,토르,,,,
마블(MCU,마블(MCU),마블MCU,마블 (MCU),마블 MCU,마블(MCU:CA-CW)
마블 시네마틱 유니버스),마블 시네마틱 유니버스,마블시네마틱유니버스,MCU(마블 시네마틱 유니버스),마블 시네마틱 유니버스(통칭 MCU),MCU 마블 시네마틱 유니버스
비밀의숲,비밀의 숲,,,,
푸른거탑,,,,,
가면라이더 포제,가면라이더 제로원,가면라이더,가면라이더 에그제이드,가면라이더 이그제이드,가면라이더 오즈
BCMF(벤마필모),,,,,
아수라,,,,,
강철비,,,,,
범죄와의 전쟁,,,,,
아이언맨 시리즈,아이마스 시리즈,아이언맨,페이트 시리즈,아이돌 마스터 시리즈,가면라이더 시리즈
육룡이 나르샤,,,,,
뱃대숲,,,,,
dc 코믹스,dc코믹스,DC 코믹스,마블 코믹스,DC코믹스,
마블(토르,마블-토르,마블,마블관련 토르,마블(MCU,
블랙팬서),블랙팬서,블랙팬서(마블),블랙서바이벌,,
MCU - 스파이더맨 홈커밍,스파이더맨,스파이더맨 홈커밍,MCU,마블(스파이더맨_홈커밍),
인피니티 워,인피니티 트레인 등등 각종 카툰,,,,
강동원 필모,,,,,
디씨(DCEU),DCEU,디씨 DC,DC,디씨,
스타트렉(AOS,스타트렉(AOS),스타트렉 AOS,스타트렉(영화)AOS,스타트렉,스타 트렉
DSC),DC,,,,
닥터 스트레인지,닥터스트레인지,라이프 이즈 스트레인지,,,
원더우먼,,,,,
DCEU,DC,디씨(DCEU),DC코믹스/DCEU(DCFU)/디씨,MCU,DFU
DFU,DCEU,,,,
견자단,,,,,
무협,,,,,
신용문객잔,,,,,
금의위,,,,,
피키블라인더스,,,,,
더헬프,,,,,
고스트버스터즈,,,,,
닥터스트레인지,닥터 스트레인지,라이프 이즈 스트레인지,,,
흄즈,,,,,
하비비의 토끼들,,,,,
의원,,,,,
다시 살다,다시 살다.,다시살다,,,
다시살다,다시 살다,다시 살다.,의다살,,
프리스트 bl 소설,,,,,
란마1/2,,,,,
집이 없어,,,,,
악몽약국,,,,,
묘한공방,,,,,
초상화,,,,,
마녀일기,,,,,
마더구즈 (일부만 나올 수 있습니다),,,,,
히로아카 등등,히로아카,,,,
미아야,,,,,
피피차차,,,,,
스뉴유,,,,,
다시 살다.,다시 살다,다시살다,,,
샹치와 텐링즈의 전설,샹치,,,,
팔콘앤윈터솔져,팔콘과윈터솔져,,,,
미오 프라텔로,,,,,
칠칠,,,,,
로보토미 코퍼레이션,로보토미,,,,
공회주,,,,,
문송안함,문송안함 기타판소,,,,
어바등,어두운 바다의 등불이 되어,어두운바다의등불이되어(어바등),,,
데스노트,데스 스트랜딩,,,,
스트레이키즈,문호스트레이독스,문호 스트레이독스,,,
1차 창작 - 네꾸,1차 창작,1차창작,1차 창작 만화,1차 창작 봉제 인형,창작
뽀름이 외 일러스트 캐릭터,,,,,
트위스티드 원더랜드,디즈니 트위스티드 원더랜드,,,,
흡툭죽,,,,,
캐릭캐릭체인지,,,,,
카드캡터 체리,카드캡터 사쿠라,,,,
나혼자만레벨업,,,,,
빠졌어 너에게,,,,,
가라오케 가자,가라오케 가자!,,,,
여학교의 별,,,,,
태팅레이스,,,,,
자수,,,,,
공작님,,,,,
회개해주세요!,,,,,
워프레임,,,,,
스티븐유니버스,스티븐 유니버스,마블유니버스,,,
인피니티 트레인 등등 각종 카툰,인피니티 워,,,,
로그호라,로그원,,,,
더배트맨,배트맨,DC 배트맨,앤트맨,,
MARVEL,,,,,
DC COMICS,DC,,,,
MCU(닥스2,MCU,,,,
완다비전 중심),,,,,
가면라이더 제로원,가면라이더 포제,가면라이더,가면라이더 오즈,가면라이더 빌드,가면라이더 더블
슈퍼전대,슈퍼로봇대전,슈퍼로봇대전OG시리즈,,,
가면라이더 리바이스,가면라이더,가면라이더 고스트,가면라이더 시리즈,가면라이더 가이무,가면라이더 드라이브
지오,,,,,
