부스명,대표자,위치,부스,대표 작품(원작),그 외 다루는 작품,쁘띠존,캐릭터,커플링,커플링 성향,그 외 커플링,매체,링크,행사명,개최일
'그거' 있어요?,심연,B14,2sp,CoC 7th,"언성듀엣, inSANe",,,,,,"기타,소설",https://dongne.co/event/dice01/circles/106096,다이스 페스타,day1
.,심해,C24b,1sp,,,,,,,,,https://dongne.co/event/dice01/circles/169590,다이스 페스타,day1
2년 전에 신청하고 까먹고 있었는데 갑자기 행사가 한 달 뒤라고요?,9999,E2,2sp,COC,지금보니까 여기만 신간이 없잖아요 뭐라도 할수있게 힘내보겠습니다 안되면 재고만 들고가요....,,,,,,기타,https://dongne.co/event/dice01/circles/105096,다이스 페스타,day1
Bury Me,베리미,B7,2sp,수제 레진 주사위 ,,,,,,,공예,https://dongne.co/event/dice01/circles/105970,다이스 페스타,day1
CHERRY-PICKING-PARTY,최리,E21,2sp,크툴루의 부름 7판,,,,,,,,https://dongne.co/event/dice01/circles/106085,다이스 페스타,day1
Hidden Sweet,플,C18a,1sp,더블크로스3rd,언성 듀엣,,,,,,공예,https://dongne.co/event/dice01/circles/169561,다이스 페스타,day1
J룰 하기 좋은 날,메로닝,A7b,1sp,마기카로기아,,문호특설우정국 「낭만사서함」,,,,,소설,https://dongne.co/event/dice01/circles/143056,다이스 페스타,day1
Kil the Silver,그은,B5,2sp,,,,,,,,공예,https://dongne.co/event/dice01/circles/169230,다이스 페스타,day1
Last Nighty,147,E3a,1sp,CoC 7th,,,,,,,소설,https://dongne.co/event/dice01/circles/140595,다이스 페스타,day1
LIMIT,SIHA,A7a,1sp,마도서대전TRPG 마기카로기아,,문호특설우정국 「낭만사서함」,,,,,기타,https://dongne.co/event/dice01/circles/143190,다이스 페스타,day1
Minari Handmade,끼랴,E6a,1sp,Call of Cthulhu,피아스코,,,,,,"공예,기타",https://dongne.co/event/dice01/circles/105898,다이스 페스타,day1
MY FIRST TABLETOP,우롱,A22,2sp,더블크로스3rd,,제1회 UGN 한국지부 비공식 워크숍,,,,,기타,https://dongne.co/event/dice01/circles/142773,다이스 페스타,day1
n선상의 다이스,Team.cosmos,E4,2sp,CoC 7th,,,,,,,기타,https://dongne.co/event/dice01/circles/144783,다이스 페스타,day1
Project KUKI 프로젝트 쿠키,프로젝트 쿠키,E24,2sp,크툴루의 부름,,,,,,,,https://dongne.co/event/dice01/circles/169545,다이스 페스타,day1
RGBK,날치,A6,2sp,"마기카로기아, 더블크로스","인세인, 스트라토샤우트",문호특설우정국 「낭만사서함」,,,,,,https://dongne.co/event/dice01/circles/106235,다이스 페스타,day1
San체크 /r 1D100,해산물,E20b,1sp,Coc,없음,,,,,,,https://dongne.co/event/dice01/circles/148055,다이스 페스타,day1
SAN치 핀치 오버드!,Team SHiKL,A24b,1sp,더블크로스 3rd,크툴루의 부름,제1회 UGN 한국지부 비공식 워크숍,,,,,"기타,소설",https://dongne.co/event/dice01/circles/104139,다이스 페스타,day1
Sarvant on the Ground,사라반트,A12,4sp,마도서대전 TRPG 마기카로기아,inSANe,문호특설우정국 「낭만사서함」,,,,,소설,https://dongne.co/event/dice01/circles/104981,다이스 페스타,day1
Saura's TRPG,Saura,B20,2sp,D&D 5e,,,,,,,게임,https://dongne.co/event/dice01/circles/105610,다이스 페스타,day1
SF 좋아하세요? 전 좋아합니다... 그런데 마법을 곁들인,김예섭,A18,2sp,마기카로기아,Dx3rd,문호특설우정국 「낭만사서함」,,,,,"게임,일러스트",https://dongne.co/event/dice01/circles/144193,다이스 페스타,day1
silverforest,은림,C21b,1sp,,,,,,,,,https://dongne.co/event/dice01/circles/145123,다이스 페스타,day1
slice and dice,데지,E22b,1sp,CoC 7th,,,,,,,기타,https://dongne.co/event/dice01/circles/167886,다이스 페스타,day1
Team HATS,"H_M, 파란모자",D2b,1sp,COC,,,,,,,,https://dongne.co/event/dice01/circles/106615,다이스 페스타,day1
TEAM MATIZ,B,B15b,1sp,둘이서 수사,"CoC, 인세인",,,,,,"소설,기타",https://dongne.co/event/dice01/circles/142848,다이스 페스타,day1
TEAM SF,먼지,B16,2sp,둘이서 수사,inSANe,,,,,,게임,https://dongne.co/event/dice01/circles/142827,다이스 페스타,day1
Team. Zodiac,태양,E23,2sp,"COC, 인세인",,,,,,,게임,https://dongne.co/event/dice01/circles/104518,다이스 페스타,day1
Team. 라퓨타,수연,E7,4sp,Call of Cthulhu 7th,,,,,,,"게임,소설",https://dongne.co/event/dice01/circles/105293,다이스 페스타,day1
Team. 오아시스,팀 오아시스,D11,4sp,COC,,,,,,,"소설,게임",https://dongne.co/event/dice01/circles/103657,다이스 페스타,day1
Team.LUNACY,MILK,A20b,1sp,인세인,마기카로기아,,,,,,기타,https://dongne.co/event/dice01/circles/105711,다이스 페스타,day1
WE MAKE CODEX BETTER,세롬,A16a,1sp,마기카로기아,,문호특설우정국 「낭만사서함」,,,,,기타,https://dongne.co/event/dice01/circles/144859,다이스 페스타,day1
Xero Crescent,휴엔,D4a,1sp,크툴루의 부름,,,,,,,,https://dongne.co/event/dice01/circles/109319,다이스 페스타,day1
You Are F,교수,C13,2sp,TRPG,COC 7th 팬메이드 시나리오,,,,,,"게임,기타",https://dongne.co/event/dice01/circles/141940,다이스 페스타,day1
ZB,BLEN,C22b,1sp,,,,,,,,,https://dongne.co/event/dice01/circles/143079,다이스 페스타,day1
《마감》으로 공포판정,로맨틱쿼카,D12,2sp,inSANe,,,,,,,기타,https://dongne.co/event/dice01/circles/104988,다이스 페스타,day1
개새튀김과 대마덮밥 ,개새,B12,2sp,COC : 스카보로우 항구에서 시나리오집,ALL,,X,,해당없음,X,"기타,소설",https://dongne.co/event/dice01/circles/104439,다이스 페스타,day1
겁스민,스민,D6b,1sp,"겁스, GURPS",,,,,,,기타,https://dongne.co/event/dice01/circles/143120,다이스 페스타,day1
공중화장실,선녀,E22a,1sp,COC,,,X,,해당없음,,게임,https://dongne.co/event/dice01/circles/106410,다이스 페스타,day1
공포심 10개 모으면 괴이로 교환해드려요,사부,C10,2sp,마기카로기아,인세인,문호특설우정국 「낭만사서함」,,,,,소설,https://dongne.co/event/dice01/circles/105548,다이스 페스타,day1
그레이 스칼렛,스칼,A3a,1sp,더블크로스3rd,,제1회 UGN 한국지부 비공식 워크숍,,,,,기타,https://dongne.co/event/dice01/circles/144731,다이스 페스타,day1
까까인,고슴도치,C2b,1sp,인세인,,,,,,,게임,https://dongne.co/event/dice01/circles/105331,다이스 페스타,day1
꽁치수산,"제림, 엔난",C5,2sp,인세인,COC,,,,,,소설,https://dongne.co/event/dice01/circles/103733,다이스 페스타,day1
나라 얻은 아나키스트처럼 울었다,뽀,C3b,1sp,인세인,크툴루의 부름,,,,,,기타,https://dongne.co/event/dice01/circles/106280,다이스 페스타,day1
날팔이,포리,D17b,1sp,coc,,,,,,,,https://dongne.co/event/dice01/circles/143265,다이스 페스타,day1
내멋대로 TRPG,연어,C21a,1sp,시티 오브 미스트,,,,,,,"게임,공예",https://dongne.co/event/dice01/circles/105686,다이스 페스타,day1
노는 여자들,서한아,C7,2sp,마우스가드,언라이트(단순 홍보),,,,,,기타,https://dongne.co/event/dice01/circles/105905,다이스 페스타,day1
뇌크로노미콘 상회 UGN 지점,언데드,A24a,1sp,"더블크로스 3rd, 크툴루의 부름",,제1회 UGN 한국지부 비공식 워크숍,,,해당없음,,"소설,기타",https://dongne.co/event/dice01/circles/104887,다이스 페스타,day1
느짓살이,단삭,A21a,1sp,더블크로스 3rd,,제1회 UGN 한국지부 비공식 워크숍,,,,,소설,https://dongne.co/event/dice01/circles/142867,다이스 페스타,day1
다시 태어나면 쨍(WoD)은 하지 않겠습니다.,팀더스테인 ,C1,2sp,World of Darkness,"Mage : the Ascension, Wraith : the Oblivion, Changeling : the dreaming, Demon : the Fallen",,,,,,게임,https://dongne.co/event/dice01/circles/169440,다이스 페스타,day1
다이스 파스타?,밤,B2b,1sp,,,,,,,,"공예,기타",https://dongne.co/event/dice01/circles/149752,다이스 페스타,day1
단칸방,호재,D9a,1sp,coc,언성듀엣,,,,,,,https://dongne.co/event/dice01/circles/169279,다이스 페스타,day1
달 뒷면 토끼파,녹차하임,B21a,1sp,마기카로기아,시노비가미,,,,,,,https://dongne.co/event/dice01/circles/105678,다이스 페스타,day1
달빛 다과회,유페,D5,2sp,크툴루의 부름,시노비가미,,,,,,"공예,게임,기타",https://dongne.co/event/dice01/circles/105937,다이스 페스타,day1
덥크시날집나옵니다아마도,김치트,C9,2sp,더블크로스,C.O.C,,,,,,기타,https://dongne.co/event/dice01/circles/105590,다이스 페스타,day1
도깨비상점,도깨비상점,B4,2sp,,,,,,,,공예,https://dongne.co/event/dice01/circles/169643,다이스 페스타,day1
도토리 식냥,"Chito, 구남친, 먼지 ",D8,2sp,COC,X,,,,,,"소설,기타",https://dongne.co/event/dice01/circles/141364,다이스 페스타,day1
두부만두,치쯔,B23,2sp,2차창작룰,"coc, 인세인",,,,,,기타,https://dongne.co/event/dice01/circles/104243,다이스 페스타,day1
둘이서 듀엣,유감,B18a,1sp,둘이서 수사,언성 듀엣,,,,,,"기타,소설",https://dongne.co/event/dice01/circles/167409,다이스 페스타,day1
둘이서 크툴루~당신과 친해지는.... 친해지나요? 하여튼 그겁니다~,용봉,B13,2sp,크툴루의 부름,둘이서 수사,,,,,,,https://dongne.co/event/dice01/circles/120857,다이스 페스타,day1
둘이서 하나,동전,D4b,1sp,크툴루의 부름 7판,,,,,,,,https://dongne.co/event/dice01/circles/111433,다이스 페스타,day1
드림랜드,Zzz,D18b,1sp,CoC,Insane,,신화생물,,해당없음,,"기타,게임",https://dongne.co/event/dice01/circles/105820,다이스 페스타,day1
라즈베리베리베리,서라,D14,2sp,크툴루의 부름 7th ,,,,,,,"게임,소설",https://dongne.co/event/dice01/circles/157790,다이스 페스타,day1
마션,LD,D18a,1sp,CoC,,,,,,,,https://dongne.co/event/dice01/circles/142826,다이스 페스타,day1
망치&아오빡쳐,AozukiRen,C18b,1sp,더블 크로스 3rd,,,,,,,기타,https://dongne.co/event/dice01/circles/106105,다이스 페스타,day1
머리 넷 달린 생선,플랫피쉬,A2b,1sp,더블크로스,마기카로기아...?,제1회 UGN 한국지부 비공식 워크숍,,,,,기타,https://dongne.co/event/dice01/circles/142879,다이스 페스타,day1
멸망한 세계로도 김치를 담글 수 있나요,해진,A15,2sp,마기카로기아,,문호특설우정국 「낭만사서함」,,,,,소설,https://dongne.co/event/dice01/circles/148217,다이스 페스타,day1
문호특설우정국 「낭만사서함」 (운영부스),동인 네트워크,A11,2sp,,,문호특설우정국 「낭만사서함」,,,,,,https://dongne.co/event/dice01/circles/170535,다이스 페스타,day1
미정,"냠맹, 김익",E6b,1sp,Call of Cthulhu 7th,,,,,,,소설,https://dongne.co/event/dice01/circles/105013,다이스 페스타,day1
미정,ㄹㅇ,D17a,1sp,CoC,,,,,,,,https://dongne.co/event/dice01/circles/166619,다이스 페스타,day1
미증유의 사태,미증유,D16b,1sp,CoC 7th,,,,,,,소설,https://dongne.co/event/dice01/circles/169253,다이스 페스타,day1
밀가루로만든롱스틱,롱스틱,D16a,1sp,CoC,,,,,,,기타,https://dongne.co/event/dice01/circles/105965,다이스 페스타,day1
배쓰밤 진열대,팀 배쓰밤,C16,2sp,inSANe,CoC,,,,,,기타,https://dongne.co/event/dice01/circles/103639,다이스 페스타,day1
북극곰 이웃집,NAKA,C8,2sp,DX3(더블크로스),,,,,,,기타,https://dongne.co/event/dice01/circles/105586,다이스 페스타,day1
브루클린 육아일기,김수영,D23a,1sp,COC,,,,,,,소설,https://dongne.co/event/dice01/circles/103708,다이스 페스타,day1
블루밍하우스,에피,C12,2sp,크툴루의 부름,,,,,,,"만화,기타,영상",https://dongne.co/event/dice01/circles/104442,다이스 페스타,day1
빵 굽는 공장,치즈빵,B8,2sp,마기카로기아,,,,,,,게임,https://dongne.co/event/dice01/circles/104348,다이스 페스타,day1
상앚동 여우집,앚,C11,2sp,더블크로스 3rd,크툴루의 부름,,,,,,"기타,게임",https://dongne.co/event/dice01/circles/104549,다이스 페스타,day1
새 책을 내고 싶었습니다만 어느 틈에 벌써,기린,D6a,1sp,은검의 스텔라나이츠,,,,,,,"기타,게임",https://dongne.co/event/dice01/circles/105418,다이스 페스타,day1
색다르고 상상이상의 환장,Pluto,B19,2sp,신화창세 RPG 아마데우스,마기카로기아,,,,,,소설,https://dongne.co/event/dice01/circles/105430,다이스 페스타,day1
생의찬가,플리,D23b,1sp,COC,언성듀엣,,,,,,,https://dongne.co/event/dice01/circles/112527,다이스 페스타,day1
샤님네 둘수사 부스,샤님,B18b,1sp,둘이서 수사,더블크로스,,,,,,"게임,소설",https://dongne.co/event/dice01/circles/143009,다이스 페스타,day1
샤방샤방 샤그나판,비지,D3,2sp,크툴루의 부름,확실하지 않으나 퀼 예정,,,,,,"기타,게임",https://dongne.co/event/dice01/circles/103700,다이스 페스타,day1
쉿♥ 장어낚시 중 (키리타니 출입금지),쏘빙,A4a,1sp,더블크로스 3rd Edition,,제1회 UGN 한국지부 비공식 워크숍,,,,,기타,https://dongne.co/event/dice01/circles/142636,다이스 페스타,day1
쉿♥︎ 장어손질중 (후지사키도 출입금지),DD,A4b,1sp,더블크로스 3rd Edition,,제1회 UGN 한국지부 비공식 워크숍,,,해당없음,,"소설,기타",https://dongne.co/event/dice01/circles/152836,다이스 페스타,day1
슈툴루공방,슈림,D15,2sp,CoC,,,,,,,소설,https://dongne.co/event/dice01/circles/105893,다이스 페스타,day1
스페셜 띄우세요,도고,C3a,1sp,인세인,"언성 듀엣, CoC",,,,,,기타,https://dongne.co/event/dice01/circles/144196,다이스 페스타,day1
시나1,시나,D13,2sp,CoC,,,,,,,기타,https://dongne.co/event/dice01/circles/105391,다이스 페스타,day1
시나리오는 내가 쓸게 플레이는 누가 할래,퐁듀,B9b,1sp,마기카로기아,둘이서 수사,,,,,,소설,https://dongne.co/event/dice01/circles/150231,다이스 페스타,day1
시미네,nilsoul.blog.me,C23a,1sp,귀염뽀짝모음,동물초상화,,홍시,,,,,https://dongne.co/event/dice01/circles/111313,다이스 페스타,day1
신님은 주사위 게임 당근빳따죠,요븐,C23b,1sp,도쿄 고스트 리서치,CoC,,,,,,"소설,공예,기타",https://dongne.co/event/dice01/circles/104565,다이스 페스타,day1
신조차모독하는사상최대의천재,호제,D19,2sp,COC,,,,,,,,https://dongne.co/event/dice01/circles/109456,다이스 페스타,day1
아론의 사제,소율,A16b,1sp,아론의 사제 (창작룰),"마기카로기아, 언성듀엣",,,,,,게임,https://dongne.co/event/dice01/circles/105774,다이스 페스타,day1
아마도 해피엔딩,ADN,A17a,1sp,마기카로기아,,문호특설우정국 「낭만사서함」,,,,,기타,https://dongne.co/event/dice01/circles/108740,다이스 페스타,day1
아말감,해광,A2a,1sp,더블크로스 3rd,,제1회 UGN 한국지부 비공식 워크숍,,,,,공예,https://dongne.co/event/dice01/circles/169392,다이스 페스타,day1
아무것도 안나오는 부스,없음,E5b,1sp,CoC,,,,,,,기타,https://dongne.co/event/dice01/circles/105795,다이스 페스타,day1
아자 아자 아자토스!!,상자,C22a,1sp,,,,,,,,,https://dongne.co/event/dice01/circles/105088,다이스 페스타,day1
아컴가 32번지,유칼리,B15a,1sp,둘이서수사,13시대,,,,,,"기타,소설",https://dongne.co/event/dice01/circles/142955,다이스 페스타,day1
에트랑제 앨리스,시나,A14,2sp,CoC,마기로기,문호특설우정국 「낭만사서함」,,,,,,https://dongne.co/event/dice01/circles/147995,다이스 페스타,day1
여타 다를 것 없는 TRPG 부스,여타,C20,2sp,꽃의 언어,CoC,,,,,,게임,https://dongne.co/event/dice01/circles/167598,다이스 페스타,day1
영웅은 별이 될까...?,유인,D9b,1sp,"CoC, 아곤",,,,,,,"소설,게임",https://dongne.co/event/dice01/circles/150441,다이스 페스타,day1
왕의 죽음 그리고 삶 그리고 남겨진 사람들,얼음님,C24a,1sp,국내 창작룰,국내 창작룰,,,,,,,https://dongne.co/event/dice01/circles/106441,다이스 페스타,day1
우리집 정수기는 압호스의 자식 나온다,덕금,C15,2sp,크툴루의 부름,인세인,,,,,,게임,https://dongne.co/event/dice01/circles/108469,다이스 페스타,day1
월요일은 아니지만 뭐든지 해봅니다: 더블크로스!,해바라이온,A23,2sp,더블크로스 3rd,,제1회 UGN 한국지부 비공식 워크숍,,,,,게임,https://dongne.co/event/dice01/circles/141120,다이스 페스타,day1
유 어 에프 You are F,교수,C14a,1sp,coc7판,,,,,,,"게임,소설",https://dongne.co/event/dice01/circles/105857,다이스 페스타,day1
이거 변경이 되나요?,치즈,C2a,1sp,인세인,"크툴루, 드라크루쥬",,,,,,"기타,소설",https://dongne.co/event/dice01/circles/109672,다이스 페스타,day1
이경원양어선,율리피쉬,A9,2sp,마기카로기아,뭔가 나올지도..,문호특설우정국 「낭만사서함」,,,,,소설,https://dongne.co/event/dice01/circles/105626,다이스 페스타,day1
이대로라면 좌석이 될 뿐이라 마감을 결심했습니다.,콜렛,A19,2sp,마도서대전 RPG마기카로기아,,,,,,,,https://dongne.co/event/dice01/circles/106304,다이스 페스타,day1
인세인과 WoS가 재미있음,소낙,C4,2sp,"이야기꾼의 세계(WoS), 인세인",,,,,,,"기타,게임",https://dongne.co/event/dice01/circles/105619,다이스 페스타,day1
인세인은 거꾸로 말해도 인세인,연호,B24,2sp,멀티장르호러TRPG inSANe,,,,,,,기타,https://dongne.co/event/dice01/circles/105539,다이스 페스타,day1
일정은펌블나도마감은크리티컬,백쏘,A3b,1sp,더블크로스 3rd,청춘밴드TRPG 스트라토샤우트,제1회 UGN 한국지부 비공식 워크숍,,,,,기타,https://dongne.co/event/dice01/circles/105381,다이스 페스타,day1
읽던 다중단편세계록을 덮는다. 과연 그렇게 된 것인가.,니에즈피,B11,2sp,마도서대전RPG마기카로기아,,,,,,,소설,https://dongne.co/event/dice01/circles/105659,다이스 페스타,day1
잉큼공방,호마마,B6,2sp,레진 주사위,,,,,,,공예,https://dongne.co/event/dice01/circles/141378,다이스 페스타,day1
자급자족,aken,A21b,1sp,더블크로스,"인세인, CoC ",제1회 UGN 한국지부 비공식 워크숍,,,,,"기타,공예",https://dongne.co/event/dice01/circles/120715,다이스 페스타,day1
"장면 개시, 신화생물의 기벽이 발동합니다. 1D6",슭곰,B17,2sp,"CoC, 둘이서수사",DX 3rd,,,,,,소설,https://dongne.co/event/dice01/circles/145634,다이스 페스타,day1
저랑 티알하실 분,도먀,C14b,1sp,coc / 인세인,기타,,,,,,기타,https://dongne.co/event/dice01/circles/150368,다이스 페스타,day1
적장의 마감을 따왔습니다,흰줄구름무늬작은밤나비,D7,2sp,크툴루의 부름,DX3,,,,,,기타,https://dongne.co/event/dice01/circles/106018,다이스 페스타,day1
전염병이 몰려와도 TRPG는 멈출 수 없어!,새미,B3,2sp,,,,,,,,,https://dongne.co/event/dice01/circles/169238,다이스 페스타,day1
제1회 UGN 한국지부 비공식 워크숍 (운영부스),동인 네트워크,A1,2sp,,,제1회 UGN 한국지부 비공식 워크숍,,,,,,https://dongne.co/event/dice01/circles/170530,다이스 페스타,day1
제정신아닌부스,명몽,D2a,1sp,크툴루의 부름,,,,,,,소설,https://dongne.co/event/dice01/circles/155524,다이스 페스타,day1
종말에 시간 되세요? 세션 하나 하실 수 있으세요?,아프로,D20a,1sp,크툴루의 부름,스타트렉 어드벤처,,,,,,"게임,기타",https://dongne.co/event/dice01/circles/105472,다이스 페스타,day1
주사위 아홉 번 굴리기,나인독,B2a,1sp,TRPG,크툴루의 부름,,,,,,소설,https://dongne.co/event/dice01/circles/105529,다이스 페스타,day1
주사위 아홉 번 굴리기Ⅱ,나인독,B1,2sp,,,,,,,,,https://dongne.co/event/dice01/circles/169495,다이스 페스타,day1
최후의 직장인과 이성의 부름,사사,E20a,1sp,"크툴루의 부름, COC, Call of Cthulhu",더블크로스 3rd,,,,,,기타,https://dongne.co/event/dice01/circles/142129,다이스 페스타,day1
카페인페인,역설,B22,2sp,"인세인, 시노비가미",,,,,,,기타,https://dongne.co/event/dice01/circles/142995,다이스 페스타,day1
코인세탁,하인,B21b,1sp,시노비가미,,,,,,,"만화,게임",https://dongne.co/event/dice01/circles/104076,다이스 페스타,day1
큐리하게,큐리,E5a,1sp,CoC,,,,,,,"기타,소설",https://dongne.co/event/dice01/circles/117986,다이스 페스타,day1
크툴루의 부업,얀별,D20b,1sp,크툴루의 부름,,,,,,,기타,https://dongne.co/event/dice01/circles/105203,다이스 페스타,day1
탁상예능,최믹하,D1,4sp,COC,오메가버스,,,,,,,https://dongne.co/event/dice01/circles/103537,다이스 페스타,day1
탐사자보호협회,서번트,D22a,1sp,COC,,,,,,,,https://dongne.co/event/dice01/circles/143008,다이스 페스타,day1
토깽이 TRPG 분점,K,A5,2sp,마기카로기아,인세인,문호특설우정국 「낭만사서함」,,,,,소설,https://dongne.co/event/dice01/circles/104769,다이스 페스타,day1
트리플 호구즈,한연서,B10,2sp,마기카로기아,,,,,,,기타,https://dongne.co/event/dice01/circles/104096,다이스 페스타,day1
팀 33,팀 33,E3b,1sp,COC 7,,,,,,,기타,https://dongne.co/event/dice01/circles/117242,다이스 페스타,day1
팀 낙원,낙원,E19,2sp,coc,insane,,,,,,,https://dongne.co/event/dice01/circles/105562,다이스 페스타,day1
팀 푸른꽃,청염,C6,4sp,"사이버 퍼밀리어, 취록의 플로리아",동인룰 다수,,,,,,게임,https://dongne.co/event/dice01/circles/109470,다이스 페스타,day1
플라톤은 반드시 부흥한다,소쿠리단지,A8,2sp,마기카로기아,블러드패스,문호특설우정국 「낭만사서함」,,,,,"소설,게임",https://dongne.co/event/dice01/circles/142337,다이스 페스타,day1
피플여객 디페스타지점,펠타누,C17,2sp,"더블크로스3rd, 크툴루의 부름","인세인, 후타리 소우사",,,,,,소설,https://dongne.co/event/dice01/circles/104731,다이스 페스타,day1
핫스파이시크툴루버거세트,피바다,D21,2sp,CoC,,,-,,해당없음,-,기타,https://dongne.co/event/dice01/circles/105924,다이스 페스타,day1
해외 원양어선,상실 ,A10,2sp,마기카로기아,,문호특설우정국 「낭만사서함」,,,,,소설,https://dongne.co/event/dice01/circles/144079,다이스 페스타,day1
환상부엉공방,지현,A17b,1sp,마도서대전 RPG 마기카로기아,,문호특설우정국 「낭만사서함」,,,,,,https://dongne.co/event/dice01/circles/142695,다이스 페스타,day1
휴식처,prekim02,D22b,1sp,Coc,,,,,,,,https://dongne.co/event/dice01/circles/106282,다이스 페스타,day1
 구멍가게,퐁,M20a,1sp,"데못죽, 화산귀환","성아돌, 내스급,로오히,파이널판타지14",,"테스타, 청려, 청명,백천,유이설,성현제,한유현,렘브러리,알피노,아이메리크,에스티니앙,아우레아",,해당없음,,일러스트,https://dongne.co/event/df2204/circles/147035,제 18회 디페스타,day1
(주)무림미식회 중앙본부,중앙본부장,M7,2sp,월한강천록,무림제일폐,,유소월,문지서X유소월,"로맨틱,섹슈얼","홍륜소월, 유원소월","만화,소설",https://dongne.co/event/df2204/circles/145630,제 18회 디페스타,day1
0혼없음,강류흔,M4,2sp,백작가의 망나니가 되었다.,,,"알베르 크로스만, 케일 헤니투스",알베르 크로스만X케일 헤니투스,로맨틱,,만화,https://dongne.co/event/df2204/circles/147023,제 18회 디페스타,day1
2A YORK ROAD,코기앤소랏,G17,2sp,,,,,,,,"일러스트,만화,기타",https://dongne.co/event/df2204/circles/148505,제 18회 디페스타,day1
99,99,J4a,1sp,주술회전,,,주술회전 올캐러,X,,,"일러스트,사진",https://dongne.co/event/df2204/circles/147669,제 18회 디페스타,day1
A,다혼,M1a,1sp,내가 키운 S급들,,,올캐릭터,,해당없음,,공예,https://dongne.co/event/df2204/circles/146451,제 18회 디페스타,day1
Alchemy Lab.,JunE,I1,2sp,볼트론:전설의 수호자,,,"키스, 시로, 알루라, 랜스, 피지, 헝크",키스X시로,"로맨틱,섹슈얼",알루랜스,소설,https://dongne.co/event/df2204/circles/144605,제 18회 디페스타,day1
AZ 3기 희망,다니,I8a,1sp,알드노아 제로,화산귀환,,"이나호, 슬레인",이나호X슬레인,로맨틱,청명청문,소설,https://dongne.co/event/df2204/circles/145695,제 18회 디페스타,day1
A런치는 크림소다와 오므라이스입니다,놉,I5,2sp,히프노시스 마이크,,,"이자나미 히후미, 칸논자카 돗포, 누루데 사사라, 츠츠지모리 로쇼, 부스지마 메이슨 리오",이자나미 히후미X칸논자카 돗포,"로맨틱,섹슈얼","부스지마 메이슨 리오 X 칸논자카 돗포, 누루데 사사라 X 츠츠지모리 로쇼","소설,일러스트",https://dongne.co/event/df2204/circles/146022,제 18회 디페스타,day1
BN,BN,L5,2sp,전독시,,,,,,,,https://dongne.co/event/df2204/circles/146259,제 18회 디페스타,day1
Carmine red,Carmine*,J3,2sp,에스케이 에이트,그랑블루 판타지,,사쿠라야시키 카오루,난죠 코지로X사쿠라야시키 카오루,"로맨틱,섹슈얼","죠체리, 지크퍼시, 란레키","소설,기타",https://dongne.co/event/df2204/circles/147964,제 18회 디페스타,day1
cerealBox,신월,L21a,1sp,내가 키운 S급들,,"Home, sweet home",한유현,,"로맨틱,섹슈얼",,만화,https://dongne.co/event/df2204/circles/146561,제 18회 디페스타,day1
Cerulean+Blue,Sipir,J7,2sp,하이큐,쿠키런,,히나타 쇼요,스가와라 코우시X히나타 쇼요,섹슈얼,츠키히나,만화,https://dongne.co/event/df2204/circles/145600,제 18회 디페스타,day1
DONNA DONNA ,mito,H8,2sp,오리지널(창작),"귀멸의칼날, 나츠메우인장",,,,,,"일러스트,공예",https://dongne.co/event/df2204/circles/146774,제 18회 디페스타,day1
"Error , not found",날Nal,K19,2sp,"어쌔씬크리드, 마블",반지의 제왕,,,,,,"소설,공예",https://dongne.co/event/df2204/circles/148059,제 18회 디페스타,day1
Frost Moon,라프엘,K17,2sp,"영원한 7일의 도시, 죠죠의 기묘한 모험",,,,,,,,https://dongne.co/event/df2204/circles/147452,제 18회 디페스타,day1
Fushigurocest,FEYE,I17a,1sp,주술회전,,[ MEGUMI IS ALWAYS RIGHT ],"후시구로 토우지, 후시구로 메구미",후시구로 토우지X후시구로 메구미,"섹슈얼,로맨틱",,소설,https://dongne.co/event/df2204/circles/145837,제 18회 디페스타,day1
GLIMJA,글림자,H25a,1sp,,,,,,,,일러스트,https://dongne.co/event/df2204/circles/145103,제 18회 디페스타,day1
"Home, sweet home (운영부스)",동인 네트워크,L4,2sp,,,"Home, sweet home",,,,,,https://dongne.co/event/df2204/circles/170554,제 18회 디페스타,day1
Kozmic*cosmo,Koz,K11,2sp,죠죠의 기묘한 모험,,,"쿠죠 죠타로, 카쿄인 노리아키",죠타로X카쿄인,"로맨틱,섹슈얼",,"만화,소설",https://dongne.co/event/df2204/circles/144616,제 18회 디페스타,day1
KR+,카린,H12b,1sp,,,,,,,,소설,https://dongne.co/event/df2204/circles/146370,제 18회 디페스타,day1
llllnoonllll,llllnoonllll,G14a,1sp,데뷔못하면죽는병걸림,내스급 해리포터,,,,,,,https://dongne.co/event/df2204/circles/145255,제 18회 디페스타,day1
Lovely Mix,Lovely Mix,M16b,1sp,데뷔 못 하면 죽는 병 걸림,"전독시, 내스급",,,,,,,https://dongne.co/event/df2204/circles/146231,제 18회 디페스타,day1
made by 자윤,자윤,G3,2sp,,,,,,,,공예,https://dongne.co/event/df2204/circles/147037,제 18회 디페스타,day1
MGR,jz,M6b,1sp,데뷔 못하면 죽는 병 걸림,,,올캐릭터,,해당없음,"청려문대, 큰세배세, 유진래빈","일러스트,만화",https://dongne.co/event/df2204/circles/147392,제 18회 디페스타,day1
Moonlight pink,Pink,M5,2sp,인사반파자구계통,"마도조사, 천관사복",,"막북군, 상청화",막북군X상청화,"섹슈얼,로맨틱","남망기x위무선, 화성x사련","만화,일러스트,소설",https://dongne.co/event/df2204/circles/147230,제 18회 디페스타,day1
no friends,아무말,I6,2sp,주술회전,,,"고죠 사토루, 게토 스구루",고죠 사토루X게토 스구루,,,"만화,소설",https://dongne.co/event/df2204/circles/144420,제 18회 디페스타,day1
Note it,삐용삐용,G14b,1sp,화산귀환,,,,백천X청명,,,만화,https://dongne.co/event/df2204/circles/146195,제 18회 디페스타,day1
Nottelatte,notte,H25b,1sp,,,,,,,,"만화,일러스트",https://dongne.co/event/df2204/circles/145901,제 18회 디페스타,day1
Paper Moon,라하,L10,2sp,전지적 독자 시점,,,"유중혁, 김독자",유중혁X김독자,"로맨틱,섹슈얼",,소설,https://dongne.co/event/df2204/circles/145792,제 18회 디페스타,day1
PLAN A-Z,김이응,H10a,1sp,,,,,,,,"사진,일러스트",https://dongne.co/event/df2204/circles/145190,제 18회 디페스타,day1
Plus+ Ultra,꺼리,J10a,1sp,명탐정 코난,,,"아카이 슈이치, 아무로 토오루",아카이 슈이치X아무로 토오루,"로맨틱,섹슈얼",,"만화,소설",https://dongne.co/event/df2204/circles/145569,제 18회 디페스타,day1
RoseDrop,Yue,K13,2sp,죠죠의 기묘한 모험,,,"죠나단 죠스타, 디오 브란도, DIO, 죠르노 죠바나",죠나단 죠스타X디오 브란도,,,,https://dongne.co/event/df2204/circles/146572,제 18회 디페스타,day1
smile box,Jude,G9,2sp,오리지널 창작,,,,,,,"만화,일러스트,소설,공예",https://dongne.co/event/df2204/circles/146463,제 18회 디페스타,day1
Sourplace,사워,J19a,1sp,쿠키런 킹덤,,,,,"섹슈얼,로맨틱",,만화,https://dongne.co/event/df2204/circles/146404,제 18회 디페스타,day1
Sweet Sea *,힐끼,I20,2sp,주술회전,,,나나미 켄토,하이바라 유우X나나미 켄토,,,,https://dongne.co/event/df2204/circles/144608,제 18회 디페스타,day1
TANG♡ 샤봉 런처!,365&7,K4,2sp,원피스,죠죠의 기묘한 모험 / 언더테일(소량),,"죠나단, 디오, 죠셉, 시저, 죠타로, 카쿄인, 루피, 에이스, 사보, 조로, 상디, 나미, 로우, 코라손, 도플라밍고",,해당없음,,"일러스트,공예",https://dongne.co/event/df2204/circles/146111,제 18회 디페스타,day1
The great escape,스팸,I16b,1sp,주술회전,,[ MEGUMI IS ALWAYS RIGHT ],,이타도리 유지X후시구로 메구미,로맨틱,,만화,https://dongne.co/event/df2204/circles/145980,제 18회 디페스타,day1
ZAO,ZAO,H10b,1sp,,,,,,,,,https://dongne.co/event/df2204/circles/148259,제 18회 디페스타,day1
Zero523,NEED,H11,2sp,,,,,,,,,https://dongne.co/event/df2204/circles/146328,제 18회 디페스타,day1
Zzz,고구마,I21a,1sp,귀멸의 칼날,"월간순정 노자키군, 내가 키운 S급들 ,도쿄 리벤저스",,렌고쿠 쿄주로,,해당없음,,만화,https://dongne.co/event/df2204/circles/146061,제 18회 디페스타,day1
[ MEGUMI IS ALWAYS RIGHT ] (운영부스),동인 네트워크,I13,2sp,,,[ MEGUMI IS ALWAYS RIGHT ],,,,,,https://dongne.co/event/df2204/circles/170543,제 18회 디페스타,day1
~8년 전통 찐빵 맛집~,"지넹,:3c",J4b,1sp,에스케이에이트,기븐,,"하세가와 란가, 캰 레키",란가X레키,로맨틱,"리츠마후, 시즈히이","기타,일러스트,소설",https://dongne.co/event/df2204/circles/147603,제 18회 디페스타,day1
~수상한 24시 중점밀행 메론빵부스~,구이,J12,2sp,MIU404,,,이부키아이 시마카즈미,,로맨틱,,만화,https://dongne.co/event/df2204/circles/146570,제 18회 디페스타,day1
『하든가 죽든가 ~DO or DIE~』 (운영부스),동인 네트워크,I7,2sp,,,『하든가 죽든가 ~DO or DIE~』,,,,,,https://dongne.co/event/df2204/circles/170555,제 18회 디페스타,day1
가보자고 외치다가 마감에 물려간 부스,하현,M17a,1sp,데뷔 못하면 죽는 병 걸림(데못죽),,,박문대,X박문대,로맨틱,"배세문대, 아현문대, 유진문대, 청려문대, 청우문대, 큰세문대","소설,만화",https://dongne.co/event/df2204/circles/145193,제 18회 디페스타,day1
가좍아니면아기공아니면둘다,pon,I8b,1sp,도쿄 리벤저스,,,마츠노 치후유,마츠노 치후유 X,"섹슈얼,로맨틱",,"만화,일러스트",https://dongne.co/event/df2204/circles/147905,제 18회 디페스타,day1
간장게장&마카롱&만두,시안,K10,2sp,죠죠의 기묘한 모험,,,쿠죠 죠타로,죠타로X카쿄인,"섹슈얼,로맨틱,해당없음","쿠죠부부, 공컾","만화,일러스트",https://dongne.co/event/df2204/circles/146771,제 18회 디페스타,day1
간장게장마카롱파스타,G,K6a,1sp,"동물의 숲, 죠죠의 기묘한 모험, 마블 시네마틱 유니버스, 페이트 시리즈",일단 이렇게 많이 적어두면 언젠가 다 그리겠지?,,,,해당없음,,"기타,사진,일러스트",https://dongne.co/event/df2204/circles/144868,제 18회 디페스타,day1
갑작스럽지만 여러분은 이타른에 대해 아십니까? (운영부스),동인 네트워크,H13,2sp,,,갑작스럽지만 여러분은 이타른에 대해 아십니까?,,,,,,https://dongne.co/event/df2204/circles/170550,제 18회 디페스타,day1
강다의 도토리창고,강하,L7a,1sp,전지적독자시점,"내스급,데뷔못하면죽는병걸림,로판 등",,,,,,,https://dongne.co/event/df2204/circles/145416,제 18회 디페스타,day1
걸즈 파문 파티!,"잡상인, 사성",K7a,1sp,"죠죠의 기묘한 모험, 뱅드림! 걸즈 밴드 파티!",,,"1~8부의 죠죠 등장인물, 뱅드림 리더즈",,,,,https://dongne.co/event/df2204/circles/145812,제 18회 디페스타,day1
검은 새벽,김래곤,H24,2sp,,,,,,,,일러스트,https://dongne.co/event/df2204/circles/146183,제 18회 디페스타,day1
겨울의 달유리 꿈,모스까뚀우&겨울의꿈,G7,4sp,,,,,,,,,https://dongne.co/event/df2204/circles/146100,제 18회 디페스타,day1
고담 베이커리 카페,증기,K23,2sp,배트맨,,,배트맨 브루스웨인,,"로맨틱,섹슈얼,해당없음",,"소설,공예,일러스트,기타",https://dongne.co/event/df2204/circles/146584,제 18회 디페스타,day1
곰굴,DMWM,G13,2sp,1차창작,닌타마 란타로,,,,,,"소설,기타,사진",https://dongne.co/event/df2204/circles/144710,제 18회 디페스타,day1
공포영화팟,이나연,H23,2sp,,,,,,,,만화,https://dongne.co/event/df2204/circles/146198,제 18회 디페스타,day1
공화국제조쿠키역시맛있다,감초,J20b,1sp,쿠키런 킹덤,,,"마들렌,에스프레소",마들렌X에스프레소,"로맨틱,섹슈얼",,,https://dongne.co/event/df2204/circles/147114,제 18회 디페스타,day1
관짝 공동 구매 부흥회,"FEL , 서하",I3,2sp,히프노시스마이크,"아이돌리쉬세븐,TRPG",,"칸논자카 돗포, 이자나미 히후미, 진구지 쟈쿠라이, 마천랑",이자나미 히후미X칸논자카 돗포,"섹슈얼,해당없음,로맨틱",,"만화,기타",https://dongne.co/event/df2204/circles/145434,제 18회 디페스타,day1
구름이뭉게뭉게,뭉게구름,M14,2sp,데뷔목하면죽는병걸림,전지적독자시점,,박문대,청려X문대,로맨틱,,"만화,일러스트",https://dongne.co/event/df2204/circles/146645,제 18회 디페스타,day1
군청본색 群靑本色,군청,J17,2sp,"코우노도리1,2(드라마)","MIU404, 크로스오버(아인x플라주)",,"코우노토리 사쿠라, 시노미야 하루키",코우노토리 사쿠라X시노미야 하루키,"로맨틱,섹슈얼","이부시마(이부키 아이×시마 카즈미), 사토타카(사토×요시무라 타카오)",소설,https://dongne.co/event/df2204/circles/145739,제 18회 디페스타,day1
굿즈러+소비러+알못러가 함께 합니다,악개,K6b,1sp,MCU,"팔콘과윈터솔져,샹치",,"버키, 샘",버키반즈X샘윌슨,로맨틱,"거미개미, 토니스콧","만화,일러스트,소설",https://dongne.co/event/df2204/circles/145871,제 18회 디페스타,day1
그림나무열매,야누스,K3,2sp,이누야샤,"신비한 별의 쌍둥이 공주, 헌터x헌터 ",,키쿄우,,"로맨틱,섹슈얼","셋링, 시레이 ","만화,일러스트",https://dongne.co/event/df2204/circles/146632,제 18회 디페스타,day1
근본없는 부스,젤제리,K15,2sp,죠죠의 기묘한 모험,,,,,,,,https://dongne.co/event/df2204/circles/148087,제 18회 디페스타,day1
까마귀 둥지,오운,M22a,1sp,데뷔못하면죽는병걸림,,,,X,해당없음,,공예,https://dongne.co/event/df2204/circles/147093,제 18회 디페스타,day1
꼬누비,꼬누비,G2a,1sp,1차 창작 봉제 인형,,,,,,,공예,https://dongne.co/event/df2204/circles/146680,제 18회 디페스타,day1
꿈꾸는 모냐,모냐,G26b,1sp,오리지널,"사이퍼즈, ff14, 데못죽",,,,,,일러스트,https://dongne.co/event/df2204/circles/145897,제 18회 디페스타,day1
꿈에서 만나요,곰돌실업 뜨개사업부,G23a,1sp,MCU 토르,어벤져스,,토르로키,,해당없음,,공예,https://dongne.co/event/df2204/circles/146121,제 18회 디페스타,day1
나쵸치즈,나즈,I16a,1sp,주술회전,,[ MEGUMI IS ALWAYS RIGHT ],"고죠 사토루, 후시구로 메구미",고죠 사토루X후시구로 메구미,"로맨틱,섹슈얼",,만화,https://dongne.co/event/df2204/circles/146556,제 18회 디페스타,day1
난약간귀여운게아닐까,물물,L21b,1sp,내가 키운 S급들,,"Home, sweet home",,,섹슈얼,,,https://dongne.co/event/df2204/circles/145788,제 18회 디페스타,day1
너는 어쩌고 싶어? 대답은 필요없어,-1°C,J13a,1sp,MIU404,,,"이부키, 시마",이부키X시마,"섹슈얼,로맨틱",,소설,https://dongne.co/event/df2204/circles/147954,제 18회 디페스타,day1
네코마마,"레이카, 마키시, 시에",M12,2sp,데뷔 못하면 죽는 병 걸림,"내스급, 하이큐",,테스타,,,"테스타, 청려, 논커플링",,https://dongne.co/event/df2204/circles/146187,제 18회 디페스타,day1
녹색의 마녀,정예진,G26a,1sp,,,,,,,,"공예,조형,기타",https://dongne.co/event/df2204/circles/144498,제 18회 디페스타,day1
녹차맛젤리,녹차맛별사탕,H20a,1sp,파이어 엠블렘 풍화설월,프로젝트세카이,,,실뱅X잉그리트,로맨틱,아키토우,만화,https://dongne.co/event/df2204/circles/146810,제 18회 디페스타,day1
달과 오렌지,SB ,J11,2sp,어그레츠코 ,,,,타다노X레츠코,"로맨틱,섹슈얼",,만화,https://dongne.co/event/df2204/circles/145780,제 18회 디페스타,day1
달콤한일러스트,iamyunji,H26,2sp,모모찌,,,모모찌,,해당없음,,일러스트,https://dongne.co/event/df2204/circles/145921,제 18회 디페스타,day1
도란도란,산채,G24,2sp,,,,,,,,"일러스트,공예",https://dongne.co/event/df2204/circles/145297,제 18회 디페스타,day1
도마뱀의낙서장,해룡,G5a,1sp,,,,,,,,"만화,공예,일러스트",https://dongne.co/event/df2204/circles/148276,제 18회 디페스타,day1
도쿄아저씨,아저씨,I12,2sp,도쿄 리벤저스,,,,이누이 세이슈X코코노이 하지메,"로맨틱,섹슈얼",,"만화,일러스트",https://dongne.co/event/df2204/circles/145715,제 18회 디페스타,day1
독자야할미왔다,"조탁,rov",L12,2sp,전지적독자시점,내가키운S급들,,"유중혁, 김독자",유중혁X김독자,"로맨틱,섹슈얼",현제유진,소설,https://dongne.co/event/df2204/circles/147940,제 18회 디페스타,day1
돌고래 밭으로 놀러오세요,moraegorae,K5a,1sp,"나루토, 혈계전선",,,"카카시, 이루카",하타케 카카시X우미노 이루카,,"크라스팁, 청흑",,https://dongne.co/event/df2204/circles/148067,제 18회 디페스타,day1
뒹굴뒹굴,돕돕돕,K22b,1sp,DC 코믹스,"아케인, 오버워치",,배트맨,,해당없음,,,https://dongne.co/event/df2204/circles/146533,제 18회 디페스타,day1
디페스타 Fan World,피케,I23a,1sp,"주술회전, 도쿄리벤저스",,,,X,해당없음,,만화,https://dongne.co/event/df2204/circles/145342,제 18회 디페스타,day1
또롱별,이데아,M2,2sp,내가 키운 S급들,,,"한유현, 한유진",한유현X한유진,로맨틱,,일러스트,https://dongne.co/event/df2204/circles/145358,제 18회 디페스타,day1
러뷰어셀프,근,M13b,1sp,데뷔 못 하면 죽는 병 걸림,,,,,,,일러스트,https://dongne.co/event/df2204/circles/146412,제 18회 디페스타,day1
리미스토리,LIMI,H22,2sp,창작,포켓몬,,,,,,일러스트,https://dongne.co/event/df2204/circles/145852,제 18회 디페스타,day1
리틀캣스튜디오,memmoom,H1,2sp,오리지널창작,,,,,,,일러스트,https://dongne.co/event/df2204/circles/145930,제 18회 디페스타,day1
리틀타이니룸,ACOO,G15,2sp,,,,,,,,"일러스트,조형,공예,기타",https://dongne.co/event/df2204/circles/146709,제 18회 디페스타,day1
만듦,jini0305,G22,2sp,,,,,,,,공예,https://dongne.co/event/df2204/circles/146605,제 18회 디페스타,day1
메자스노와 메론빵엔딩,"29, 그루",J14a,1sp,MIU404,마법사의 약속,,"이부키, 시마",,,,,https://dongne.co/event/df2204/circles/146115,제 18회 디페스타,day1
면죄도 동인도 되다 말았습니다,이데아,I24,2sp,파이널판타지14,,,에메트셀크,휘틀로다이우스X에메트셀크,"로맨틱,섹슈얼",고대인,"소설,기타",https://dongne.co/event/df2204/circles/146018,제 18회 디페스타,day1
명분과 실세,쇼,L16,2sp,화산귀환,전지적 독자 시점,,"조걸, 윤종",유중혁X김독자,해당없음,,"일러스트,공예,기타,소설",https://dongne.co/event/df2204/circles/146980,제 18회 디페스타,day1
뫄뫄장르,on,K5b,1sp,쩜오,,,,,,,,https://dongne.co/event/df2204/circles/146982,제 18회 디페스타,day1
미래의 나 부탁해,시온,L11a,1sp,전지적 독자 시점,"데뷔 못하면 죽는 병 걸림, 백작가의 망나니가 되었다",,,유중혁X김독자,로맨틱,,,https://dongne.co/event/df2204/circles/146608,제 18회 디페스타,day1
미래의 내가 뭐든 해주겠지,녹차시럽,H19,2sp,명급리,내스급,,,,,,,https://dongne.co/event/df2204/circles/146391,제 18회 디페스타,day1
바니,바니,H18a,1sp,윈피스,"히로아카,그외",,,,,,,https://dongne.co/event/df2204/circles/146914,제 18회 디페스타,day1
바리바리스타밤하늘의펄,백수와 주인,I15,2sp,주술회전,,[ MEGUMI IS ALWAYS RIGHT ],"고죠 사토루, 후시구로 메구미",고죠 사토루X후시구로 메구미,,,"기타,만화",https://dongne.co/event/df2204/circles/146502,제 18회 디페스타,day1
바오밥나무 12번지,바오,G8,2sp,"해리포터, 화산귀환, 마블, MCU, 스파이더맨, 로스쿨, 해피니스",,,,,,,공예,https://dongne.co/event/df2204/circles/147272,제 18회 디페스타,day1
밝을 명,"엠알, 소남송, 슬",M8a,1sp,화산귀환,,,청명,백천X청명,"로맨틱,섹슈얼","일소소병, 조걸윤종",만화,https://dongne.co/event/df2204/circles/145292,제 18회 디페스타,day1
베리파티,화화,H12a,1sp,,,,,X,"로맨틱,해당없음,섹슈얼",,"소설,기타",https://dongne.co/event/df2204/circles/146314,제 18회 디페스타,day1
변호사인권보호협회,Minn,I4a,1sp,히프노시스마이크,,,나고야디비젼,아이모노 쥬시X아마구니 히토야,"로맨틱,섹슈얼",,만화,https://dongne.co/event/df2204/circles/147925,제 18회 디페스타,day1
부리님이 다하는 부스,다온,M21,2sp,데뷔 못하면 죽는 병 걸림,전지적 독자 시점,,박문대 신청려,,섹슈얼,,"소설,일러스트",https://dongne.co/event/df2204/circles/148095,제 18회 디페스타,day1
부스 전개 원고살 마감,핑감,I21b,1sp,귀멸의 칼날,,,아카자,렌고쿠X아카자,섹슈얼,"도우아카, 하쿠코유,","만화,일러스트,기타",https://dongne.co/event/df2204/circles/145400,제 18회 디페스타,day1
부스가 있으면 뭔가 나오지 않을까,이실isil,K20,2sp,마블,화산귀환,,  토르,,"로맨틱,섹슈얼",,소설,https://dongne.co/event/df2204/circles/147974,제 18회 디페스타,day1
부스명 또 고민,라이,M24,2sp,내가키운S급들,"수퍼맨,배트맨,데못죽,은혼",,"성현제,한유진,수퍼맨,배트맨,테스타,긴토키,히지카타",성현제X한유진,"로맨틱,섹슈얼","숲뱃,히지긴","만화,일러스트",https://dongne.co/event/df2204/circles/144444,제 18회 디페스타,day1
북극기지,한기,I11,2sp,도쿄리벤저스,용과 같이,,,카쿠쵸X쿠로카와 이자나,"로맨틱,섹슈얼",,"만화,일러스트,기타",https://dongne.co/event/df2204/circles/146531,제 18회 디페스타,day1
빵떡이시스마이크 ,차푸,I4b,1sp,히프노시스마이크,,,ALL 캐릭터,X,해당없음,,일러스트,https://dongne.co/event/df2204/circles/146990,제 18회 디페스타,day1
쁘띠뽀짝,뽀짝쿵야 참비,L20b,1sp,전지적 독자 시점,"하이큐, 데뷔 못 하면 죽는 병 걸림",,,,,,,https://dongne.co/event/df2204/circles/146134,제 18회 디페스타,day1
사과정원,빨간사숨,J20a,1sp,쿠키런킹덤,,,"마들렌맛쿠키, 에스프레소맛쿠키",마들렌X에스프레소,"로맨틱,섹슈얼",,만화,https://dongne.co/event/df2204/circles/145343,제 18회 디페스타,day1
사르디나 이주 서비스 센터,하열,J23,2sp,로드오브히어로즈,,,,,,,"만화,일러스트",https://dongne.co/event/df2204/circles/145605,제 18회 디페스타,day1
사를 표방하는 이들은 얕보이면 안된단다,솜미루,L18a,1sp,화산귀환,적국의왕자로사는법,,호가명 장일소,호가명X장일소,"섹슈얼,로맨틱,해당없음",저도 모릅니다,소설,https://dongne.co/event/df2204/circles/147613,제 18회 디페스타,day1
산딸기프레첼 홍보위원회,아몽르,H7,2sp,케프리와 깃털,,,,,"로맨틱,섹슈얼",,소설,https://dongne.co/event/df2204/circles/148120,제 18회 디페스타,day1
산지직송,강원도감자,K14,2sp,죠죠의 기묘한 모험,,,올캐릭터,,,,,https://dongne.co/event/df2204/circles/148242,제 18회 디페스타,day1
삼각형에 대한 광기는 더욱 커져만 갔다.,TAKUO,K7b,1sp,죠죠의 기묘한 모험,,,"디오 브란도, 죠나단 죠스타, 에리나 펜들턴",디오 브란도X죠나단 죠스타,"로맨틱,섹슈얼","죠나에리, 시죠세","만화,일러스트",https://dongne.co/event/df2204/circles/147346,제 18회 디페스타,day1
상메네 만두가게,이만세,H21,2sp,,,,,,,,만화,https://dongne.co/event/df2204/circles/146426,제 18회 디페스타,day1
석조의 죠죠죠죠,석조,K8b,1sp,죠죠의 기묘한 모험,,,카쿄인 노리아키,X,,,소설,https://dongne.co/event/df2204/circles/147812,제 18회 디페스타,day1
소라공방,소라님,M23,2sp,데뷔 못 하면 죽는 병 걸림,화산귀환,,,,,,공예,https://dongne.co/event/df2204/circles/144459,제 18회 디페스타,day1
소라의 언어,이주,H6,2sp,,,,,,,,일러스트,https://dongne.co/event/df2204/circles/145406,제 18회 디페스타,day1
손도치,sondochi,G5b,1sp,,,,,,,,공예,https://dongne.co/event/df2204/circles/146220,제 18회 디페스타,day1
수조 밖,무냠,G18b,1sp,,,,,,,,"만화,일러스트",https://dongne.co/event/df2204/circles/145573,제 18회 디페스타,day1
순애는 진짜 개 아름다운 거구나,방주,I19a,1sp,주술회전,,,"고죠 사토루, 게토 스구루",고죠 사토루X게토 스구루,해당없음,,,https://dongne.co/event/df2204/circles/146745,제 18회 디페스타,day1
슈가솔트데이즈,슈가솔트,H5,2sp,,,,,,,,,https://dongne.co/event/df2204/circles/148421,제 18회 디페스타,day1
스불재의 귀환,"마라, 화타",M9,2sp,화산귀환,,,"백천,청명,당보,금룡,송백,조걸,윤종 ",백천X청명,"해당없음,섹슈얼,로맨틱","금송, 조윤","만화,일러스트,기타",https://dongne.co/event/df2204/circles/147004,제 18회 디페스타,day1
스윗트일러 ,스윗트일러,G11b,1sp,,,,,,,,일러스트,https://dongne.co/event/df2204/circles/147070,제 18회 디페스타,day1
스티커 광인 부스,귤쌈,J8,2sp,하이큐,"내스급, 백망되, 약네랜",,,,,,일러스트,https://dongne.co/event/df2204/circles/146123,제 18회 디페스타,day1
습관적부스신청,백수백숙,H3,2sp,,,,,,,,소설,https://dongne.co/event/df2204/circles/145024,제 18회 디페스타,day1
시켜줘신요코시민,오타쿠,H18b,1sp,흡혈귀는 툭하면 죽는다,,,로널드,드라루크X로널드,로맨틱,,"기타,만화",https://dongne.co/event/df2204/circles/146292,제 18회 디페스타,day1
심의결과 ······ 교제입니다 축하합니다,식량,H16a,1sp,주술회전,,갑작스럽지만 여러분은 이타른에 대해 아십니까?,"후시구로 메구미, 이타도리 유우지",,,,,https://dongne.co/event/df2204/circles/145877,제 18회 디페스타,day1
아보카도 위 명란젓,코바,H20b,1sp,하프 헤일로,,,,,,,만화,https://dongne.co/event/df2204/circles/146580,제 18회 디페스타,day1
아빠가좋아엄마가좋아가있기전부터형이좋았다,ahl0325,L22,2sp,내가 키운 S급들,"데뷔 못하면 죽는 병 걸림, 전지적 독자 시점","Home, sweet home","한유현, 한유진",한유현X한유진,섹슈얼,아현문대,,https://dongne.co/event/df2204/circles/146384,제 18회 디페스타,day1
아이스박스,BVKIM,K22a,1sp,"스타워즈, 만달로리안",,,"루크스카이워커,딘자린,그로구",,로맨틱,레일로,"일러스트,만화",https://dongne.co/event/df2204/circles/146030,제 18회 디페스타,day1
아카이는 아무로에게 그래요,Missa,J10b,1sp,명탐정 코난,,,아무로 토오루,,"로맨틱,섹슈얼",,"일러스트,소설",https://dongne.co/event/df2204/circles/146250,제 18회 디페스타,day1
안가네 김가네,"가나쵸, 뮤실리, 질리언, 팝콘",L14,2sp,화산귀환,백작가의 망나니가 되었다,,"청명, 당보, 백천, 조걸, 윤종, 이설, 소소, 백아, 혜연, 금룡, 송백",,해당없음,,일러스트,https://dongne.co/event/df2204/circles/146278,제 18회 디페스타,day1
암향매화,O,M11,2sp,화산귀환,얼하 파판14,,당보 청명,당보X청명,로맨틱,연만 라하히카,만화,https://dongne.co/event/df2204/circles/144392,제 18회 디페스타,day1
야 진짜 신간 나온다 ,5새벽,L1,2sp,내가 키운 S급들,전지적 독자 시점,"Home, sweet home",한유현,,섹슈얼,,만화,https://dongne.co/event/df2204/circles/145743,제 18회 디페스타,day1
어떻게든 되겠지,지한,J22b,1sp,로드 오브 히어로즈,,,올캐릭터,,,,,https://dongne.co/event/df2204/circles/146258,제 18회 디페스타,day1
어떻게든 해줘!,요이루,J16,2sp,MIU404,,,이부시마,,로맨틱,,소설,https://dongne.co/event/df2204/circles/145671,제 18회 디페스타,day1
어쩌다가 이렇게 됐지,건강주스,M3,2sp,백작가의 망나니가 되었다,,,"알베르 크로스만, 케일 헤니투스",알베르 크로스만X케일 헤니투스,로맨틱,,"만화,소설",https://dongne.co/event/df2204/circles/147033,제 18회 디페스타,day1
"얼유해빙뻔, 마이 썬?",소란,J5,2sp,에스케이에이트,,,"하세가와 란가, 캰 레키",하세가와 란가X캰 레키,"로맨틱,섹슈얼",,"만화,일러스트",https://dongne.co/event/df2204/circles/145819,제 18회 디페스타,day1
엄마가 허락한 후시이타,"뎅군,시비,뽀코",H15,2sp,주술회전,,갑작스럽지만 여러분은 이타른에 대해 아십니까?,이타도리 유지,후시구로 메구미X이타도리 유지,"섹슈얼,로맨틱",,만화,https://dongne.co/event/df2204/circles/148393,제 18회 디페스타,day1
여기서부터저기까지주세요,석삼,L13,2sp,화산귀환,,,조걸,조걸X윤종,로맨틱,청명당보,"만화,소설,일러스트",https://dongne.co/event/df2204/circles/148254,제 18회 디페스타,day1
여우가 시집가는 날,김메밀,J9,2sp,명탐정 코난,,,"아카이 슈이치, 아무로 토오루",아카이 슈이치X아무로 토오루,"로맨틱,섹슈얼",,"만화,일러스트,공예,기타",https://dongne.co/event/df2204/circles/145183,제 18회 디페스타,day1
예나디자인,예나,G4,2sp,"드림캐쳐, 썬캐쳐 등",,,,,해당없음,,공예,https://dongne.co/event/df2204/circles/145303,제 18회 디페스타,day1
예민연하공추진위원회,퓨퓨,K21,2sp,"마블, 괴물",,,"토르, 로키, 이동식, 한주원",,로맨틱,"로키토르, 주원동식",만화,https://dongne.co/event/df2204/circles/146338,제 18회 디페스타,day1
오늘의 메뉴 : 메시아정식(2434$),ㅁ,I23b,1sp,니지산지,,,,,,,"만화,소설",https://dongne.co/event/df2204/circles/145880,제 18회 디페스타,day1
오리댄스,SUNDANCE,L9,2sp,전지적독자시점,"데뷔못하면죽는병에걸림, 내스급",,"유중혁, 김독자",유중혁X김독자,"로맨틱,섹슈얼","청려문대, 현제유진","소설,만화",https://dongne.co/event/df2204/circles/147273,제 18회 디페스타,day1
완두콩 올린 딸기케잌,김말콩,L20a,1sp,적국의 왕자로 사는법,,,"칼리플란, 베른플란",,로맨틱,칼리플란,소설,https://dongne.co/event/df2204/circles/146201,제 18회 디페스타,day1
"용봉탕, 곤약을 곁들인",파다닭,H4,2sp,,"죠죠의 기묘한 모험, 포켓몬스터 소드 쉴드, 흡혈귀는 툭하면 죽는다",,,,,,"만화,소설",https://dongne.co/event/df2204/circles/145667,제 18회 디페스타,day1
우리 조슈아가 이렇게 예뻐요,월님,J24,2sp,로드오브 히어로즈,사이퍼즈,,조슈아,요한X조슈아,로맨틱,,공예,https://dongne.co/event/df2204/circles/147898,제 18회 디페스타,day1
우리사랑하게해줘요,"환타,사라다",I14,2sp,주술회전,,[ MEGUMI IS ALWAYS RIGHT ],고죠사토루 후시구로메구미,고죠사토루X후시구로 메구미,"로맨틱,섹슈얼",,,https://dongne.co/event/df2204/circles/144410,제 18회 디페스타,day1
울트라맨 엑스 보세요,사성구,K2a,1sp,특촬,"울트라맨 엑스, 기계전대 젠카이쟈 등",,"엑스, 오오조라 다이치",엑스X다이치,"섹슈얼,로맨틱",,"만화,일러스트",https://dongne.co/event/df2204/circles/146096,제 18회 디페스타,day1
원더 아일랜드,미노,G18a,1sp,하늘 기록집,,,,,,,일러스트,https://dongne.co/event/df2204/circles/146063,제 18회 디페스타,day1
원작사골오타쿠의 말로,럿,I19b,1sp,주술회전,,,"나나미 켄토, 하이바라 유우",하이바라 유우X나나미 켄토,로맨틱,,만화,https://dongne.co/event/df2204/circles/147661,제 18회 디페스타,day1
유유상종,썬연료,L3b,1sp,내가 키운 S급들,,"Home, sweet home","한유현, 한유진",한유현X한유진,"섹슈얼,로맨틱",,"소설,만화",https://dongne.co/event/df2204/circles/146925,제 18회 디페스타,day1
유칼립투스 숲,류하,G19,2sp,,,,,,,,,https://dongne.co/event/df2204/circles/145727,제 18회 디페스타,day1
유칼립투투스,유칼립투스,M19,2sp,데못죽,,,,,,,,https://dongne.co/event/df2204/circles/146670,제 18회 디페스타,day1
윻윶관찰일지,행오,L24a,1sp,내가키운s급,데뷔못하면죽는병,"Home, sweet home","한유현, 한유진",,"로맨틱,섹슈얼",큰세문대 ,"일러스트,만화",https://dongne.co/event/df2204/circles/146060,제 18회 디페스타,day1
음유시가(吟遊詩歌),강태헌,K1,2sp,라테일,마도조사 마도조사 엘소드 라테일,,"검호,히어로,노아,그외(ect)",,,히어검호,,https://dongne.co/event/df2204/circles/147385,제 18회 디페스타,day1
이거 게이볼그 아냐 아쳐,아렌트,I22a,1sp,FGO,,,에미야,쿠훌린X에미야,,,,https://dongne.co/event/df2204/circles/146527,제 18회 디페스타,day1
이게 되면... 죠죠를 낼지도요,먹꾸,K8a,1sp,죠죠의 기묘한 모험,,,,,해당없음,,,https://dongne.co/event/df2204/circles/147338,제 18회 디페스타,day1
이래저래 여차저차,깨알,J18b,1sp,하이큐,명탐정 코난,,"미야 아츠무, 키타 신스케, 아카이 슈이치, 아무로 토오루",,로맨틱,,"소설,공예,기타",https://dongne.co/event/df2204/circles/146671,제 18회 디페스타,day1
이로판은 제가 접수하겠습니다(ft.앙버터냥),윈터버드,J15,2sp,이로판은 제가 접수하겠습니다,베리베리뱁(앙버터냥),,,,,,,https://dongne.co/event/df2204/circles/146837,제 18회 디페스타,day1
이번 역은 '회귀'역입니다.,"여화, 해무",L17,2sp,"광마회귀, 화산귀환","월한강천록, 파이널판타지14, etc",,"이자하, 청명, 유소월, 아모롵",왼X이자하,"섹슈얼,로맨틱","자하른, 청명른, etc","소설,기타",https://dongne.co/event/df2204/circles/147359,제 18회 디페스타,day1
인간의 빛나는 선동과 날조로!,물,H17b,1sp,,,,,,,,,https://dongne.co/event/df2204/circles/147736,제 18회 디페스타,day1
자하,루각,M10a,1sp,화산귀환,,,청명,당보X청명,"로맨틱,섹슈얼",,소설,https://dongne.co/event/df2204/circles/147489,제 18회 디페스타,day1
잘키운동생하나열남편안부럽다,독유,L23,2sp,내가 키운 S급들,"외의 현판소들, 데못죽","Home, sweet home",한유진,한유현X한유진,"로맨틱,섹슈얼",중혁독자,"일러스트,소설,기타",https://dongne.co/event/df2204/circles/145860,제 18회 디페스타,day1
잡식성과식증후군,오티엘라,M20b,1sp,데뷔 못하면 죽는 병 걸림,로드오브히어로즈,,"박문대, 청려, 바네사 테레즈 알드 룬, 조슈아 레비턴스, 카르티스, 요한 발켄슈트",문대X청려,로맨틱,"바네조슈, 황제요한 ",소설,https://dongne.co/event/df2204/circles/145118,제 18회 디페스타,day1
장르통합실패,종달새,M8b,1sp,화산귀환,"데뷔 못하면 죽는 병 걸림, 전지적 독자 시점, 내가 키운 s급들",,,,,,공예,https://dongne.co/event/df2204/circles/146652,제 18회 디페스타,day1
저녁의 목소리,돌,H2,2sp,1차 창작,로드 오브 히어로즈,,,,로맨틱,,"만화,일러스트",https://dongne.co/event/df2204/circles/144351,제 18회 디페스타,day1
전방에 배드엔딩 주의,파랑,H17a,1sp,A3!,"오토기노우타, 프로젝트세카이, 아르고나비스(입실론파이)",,,츠카사X루이,해당없음,"이타사쿠, 봄조","소설,기타",https://dongne.co/event/df2204/circles/145269,제 18회 디페스타,day1
조류둥지,두루미,K24,2sp,"포켓몬스터 소드실드, 화산귀환",,,"금랑, 청명",,"섹슈얼,로맨틱",,소설,https://dongne.co/event/df2204/circles/146054,제 18회 디페스타,day1
조류출몰지역 어게인,JUAN,K18,2sp,죠죠의 기묘한 모험,스타트렉,,,,,,"만화,일러스트,소설,기타",https://dongne.co/event/df2204/circles/147394,제 18회 디페스타,day1
죠죠의 기묘한 마라탕 (다있음),덩이,K16,2sp,죠죠의 기묘한 모험,할로우나이트 극소량,,1부~6부 올캐릭,시져 체펠리X죠셉 죠스타,해당없음,"접목조, 시죠세시, 폴압폴, 프펫푸","소설,일러스트,기타",https://dongne.co/event/df2204/circles/145640,제 18회 디페스타,day1
중독이지만 도핑은 하지 않았습니다,Dalo,L11b,1sp,전지적 독자 시점,,,김독자 유중혁 ,유중혁X김독자,로맨틱,,,https://dongne.co/event/df2204/circles/145571,제 18회 디페스타,day1
중독행복안심증진위원회,mikanpuding,L7b,1sp,전지적 독자 시점,,,"유중혁, 김독자",,섹슈얼,,소설,https://dongne.co/event/df2204/circles/145948,제 18회 디페스타,day1
중혁아 가보자고 ,COX,L8,2sp,전지적독자시점,,,,유중혁X김독자,"섹슈얼,로맨틱",,,https://dongne.co/event/df2204/circles/146405,제 18회 디페스타,day1
즐거운 지옥 #가보자고 ,"제로, 김말국",H14,2sp,주술회전,,갑작스럽지만 여러분은 이타른에 대해 아십니까?,"고죠 사토루, 이타도리 유우지",고죠 사토루 X이타도리 유우지,"로맨틱,섹슈얼",,"만화,소설,일러스트",https://dongne.co/event/df2204/circles/146688,제 18회 디페스타,day1
지방디비죤부흥위원회,아무개,I2,2sp,히프노시스 마이크,,,,,,,,https://dongne.co/event/df2204/circles/147000,제 18회 디페스타,day1
채비별_냐벤더,챠비별,G12,2sp,,,,,,,,만화,https://dongne.co/event/df2204/circles/146992,제 18회 디페스타,day1
청백 올리고 백청 내려 백청 올리고 청백 내려,"물뭉, 홍단",M18,2sp,화산귀환,"의원, 다시살다 (의다살)",,"청명, 백천",리버X시블,"로맨틱,섹슈얼",청명백천청명,"일러스트,소설,만화",https://dongne.co/event/df2204/circles/147715,제 18회 디페스타,day1
청설모와 두꺼비 삼천갑자 동박삭,두꺼비와 청설모,I18b,1sp,"파라라이, 파라독스 라이브, paradox live",파라라이,『하든가 죽든가 ~DO or DIE~』,,,,,"기타,일러스트",https://dongne.co/event/df2204/circles/146838,제 18회 디페스타,day1
청정봉 유기농 죽순,죽순,M6a,1sp,인사반파자구계통,,,"낙빙하, 심청추",낙빙하X심청추,"로맨틱,섹슈얼",,만화,https://dongne.co/event/df2204/circles/148642,제 18회 디페스타,day1
치트가 행복하다면 ok입니다 진짜로,가리비,J2a,1sp,전자오락수호대,,,"치트, 패치",치트X패치,섹슈얼,,만화,https://dongne.co/event/df2204/circles/146162,제 18회 디페스타,day1
치트패치가 보고 싶어 신청한 부스2,이실,J2b,1sp,전자오락수호대,,,"치트, 패치, 매뉴얼, 컨티뉴",,섹슈얼,컨티뉴얼,소설,https://dongne.co/event/df2204/circles/147044,제 18회 디페스타,day1
코드크러쉬,1000,L6,2sp,죠죠의 기묘한 모험,전독시,,죠셉죠스타 ,,해당없음,중독,,https://dongne.co/event/df2204/circles/147628,제 18회 디페스타,day1
쿠키 타임,리모네,J21b,1sp,쿠키런 킹덤,,,"마들렌, 에스프레소",마들렌X에스프레소,"로맨틱,섹슈얼",,,https://dongne.co/event/df2204/circles/146555,제 18회 디페스타,day1
쿠키맞고요.푸드아닙니다.,쿵,J21a,1sp,쿠키런킹덤,,,"마들렌맛쿠키, 에스프레소맛쿠키",마들렌맛쿠키X에스프레소맛쿠키,"해당없음,로맨틱",,"일러스트,기타",https://dongne.co/event/df2204/circles/145970,제 18회 디페스타,day1
쿠키왕국 만두집,껌딱지,J19b,1sp,쿠키런 킹덤,,,,,,,,https://dongne.co/event/df2204/circles/147951,제 18회 디페스타,day1
크리스 아뜰리에,Cris,G2b,1sp,가죽공예 구경하러 오세요!,,,,,해당없음,,공예,https://dongne.co/event/df2204/circles/147289,제 18회 디페스타,day1
크림무스 creammousse,크림무스,G23b,1sp,,,,,,,,일러스트,https://dongne.co/event/df2204/circles/145760,제 18회 디페스타,day1
키타상이 킷타,고야,J18a,1sp,하이큐,MIU 404,,키타 신스케,미야 아츠무X키타 신스케,"로맨틱,섹슈얼",이부시마,"소설,일러스트",https://dongne.co/event/df2204/circles/146748,제 18회 디페스타,day1
테스타사진관,이은,M22b,1sp,데뷔 못 하면 죽는 병 걸림,,,,,해당없음,,일러스트,https://dongne.co/event/df2204/circles/147300,제 18회 디페스타,day1
토끼나라,Nia,I9,2sp,쿠로코의 농구,,,쿠로코테츠야,아카시세이쥬로X쿠로코테츠야,,,소설,https://dongne.co/event/df2204/circles/146367,제 18회 디페스타,day1
퇴사성공시 책내는 특덕,m,K2b,1sp,,,,,,,,,https://dongne.co/event/df2204/circles/146767,제 18회 디페스타,day1
파도 수납장,밀물,I18a,1sp,파라독스 라이브,,『하든가 죽든가 ~DO or DIE~』,,,,,소설,https://dongne.co/event/df2204/circles/148467,제 18회 디페스타,day1
파란 토끼의 집,파란세운,I22b,1sp,앙상블 스타즈,,,"스오우 츠카사, 츠키나가 레오",,섹슈얼,,만화,https://dongne.co/event/df2204/circles/146422,제 18회 디페스타,day1
판타지후죠라이프,쾌지나,L24b,1sp,내가키우는s급들,,"Home, sweet home",한유진,한유현X한유진,섹슈얼,,,https://dongne.co/event/df2204/circles/146522,제 18회 디페스타,day1
패군의 검협,semo,M10b,1sp,화산귀환,,,"장일소, 청명",,"로맨틱,섹슈얼",,소설,https://dongne.co/event/df2204/circles/144361,제 18회 디페스타,day1
펑크강도단♥,"★,핍스",K9,2sp,죠죠의 기묘한 모험,,,죠죠,X,해당없음,,"일러스트,기타",https://dongne.co/event/df2204/circles/145990,제 18회 디페스타,day1
평생 현윶해,반디,M1b,1sp,내가 키운 s급들,,,성현제,,섹슈얼,,만화,https://dongne.co/event/df2204/circles/146866,제 18회 디페스타,day1
포타 밖을 나온 겁 없는 문어,"우루루슬라,J9",M16a,1sp,데뷔 못하면 죽는 병 걸림,,,"신청려, 박문대",,"로맨틱,섹슈얼","모브문대, 문대른",소설,https://dongne.co/event/df2204/circles/147723,제 18회 디페스타,day1
폿,폿포푸,H16b,1sp,주술회전,,갑작스럽지만 여러분은 이타른에 대해 아십니까?,,X이타도리 유지,,,,https://dongne.co/event/df2204/circles/145646,제 18회 디페스타,day1
푸딩아라모드,마들렌,M15,2sp,데못죽,,,청려 ,청려 X문대 ,"섹슈얼,로맨틱",,소설,https://dongne.co/event/df2204/circles/147201,제 18회 디페스타,day1
프리스트라이커의 3스킬,서소현,J1b,1sp,로드 오브 히어로즈,,,,,,,"만화,공예,기타",https://dongne.co/event/df2204/circles/147865,제 18회 디페스타,day1
하기노러브,하기,G16,2sp,,,,,,,,만화,https://dongne.co/event/df2204/circles/146437,제 18회 디페스타,day1
하눌ae심해,심해,M17b,1sp,데뷔 못하면 죽는 병 걸림,,,,,해당없음,,"만화,일러스트",https://dongne.co/event/df2204/circles/146926,제 18회 디페스타,day1
하늘고양이 시엘로,시엘로,G11a,1sp,,,,,X,,,공예,https://dongne.co/event/df2204/circles/146945,제 18회 디페스타,day1
하롱살롱&리진,리진,G6,4sp,,,,,,,,,https://dongne.co/event/df2204/circles/144933,제 18회 디페스타,day1
한계뒷산점,곰Gom,J6,2sp,sk8,에스케이에이트,,신도 아이노스케,하세가와 란가X캰 레키,"로맨틱,섹슈얼","신도 아이노스케x키쿠치 타다시, 란레키, 아이타다",만화,https://dongne.co/event/df2204/circles/144328,제 18회 디페스타,day1
한눈에 보는 세계사 : 카이리스부터 신라까지,사브레,L19,2sp,적국의 왕자로 사는 법,"문송안함,진혼기,어바등",,베른,베른X플란츠,로맨틱,,"소설,일러스트",https://dongne.co/event/df2204/circles/145449,제 18회 디페스타,day1
한유진이랑 한유현이 유현유진 하라고 했다,kimbooak7,L2,2sp,내가 키운 S급들,,"Home, sweet home","한유현, 한유진",한유현X한유진,"로맨틱,섹슈얼",,"소설,만화",https://dongne.co/event/df2204/circles/146172,제 18회 디페스타,day1
행복万의 道,쵸이,I10,2sp,도쿄 리벤저스,,,타케미치,사노 만지로X타케미치,해당없음,신이치로x타케미치,소설,https://dongne.co/event/df2204/circles/145737,제 18회 디페스타,day1
허위매물 빵세권!,콩빵,J22a,1sp,쿠키런 킹덤,,,마들렌 에스프레소,마들렌X에스프레소,로맨틱,,만화,https://dongne.co/event/df2204/circles/147943,제 18회 디페스타,day1
현생보다 덕생이 뜨거워,"종냠, 얘",L15,2sp,화산귀환,,,,,"로맨틱,섹슈얼",,"만화,기타",https://dongne.co/event/df2204/circles/145849,제 18회 디페스타,day1
호두과자,유용,L18b,1sp,적국의 왕자로 사는 법,,,베른 세크리티아,,로맨틱,,,https://dongne.co/event/df2204/circles/146515,제 18회 디페스타,day1
호밀빵의밀수꾼,호밀,H9,2sp,1차 창작,,,1차 오리지널,,"로맨틱,해당없음",,"만화,일러스트",https://dongne.co/event/df2204/circles/146082,제 18회 디페스타,day1
호얀스튜디오,호얀,G25,2sp,,,,,,,,"일러스트,기타",https://dongne.co/event/df2204/circles/145802,제 18회 디페스타,day1
호클리 호키 호,호키버드,J1a,1sp,로드 오브 히어로즈,티알피지 리플레이북 배포,,미하일 블레이크,미하일 블레이크X남로드 ,"로맨틱,섹슈얼","크롬자이, 요한로드, ..몰라",소설,https://dongne.co/event/df2204/circles/147521,제 18회 디페스타,day1
호형호여보,해다,L3a,1sp,내가 키운 S급들,,"Home, sweet home","한유현, 한유진",한유현X한유진,"섹슈얼,로맨틱",,"소설,만화",https://dongne.co/event/df2204/circles/146153,제 18회 디페스타,day1
회심의 입심,ㅇㅇ,J14b,1sp,MIU404,,,"이부키 아이, 시마 카즈미",이부키 아이X시마 카즈미,"로맨틱,섹슈얼",,"소설,공예",https://dongne.co/event/df2204/circles/145499,제 18회 디페스타,day1
회전사제 앤솔로지 : LESSON O,GaeDock,K12,2sp,죠죠의 기묘한 모험 7부 스틸볼런,,,"죠니 죠스타, 쟈이로 체펠리 (리버시블, 상대고정)",쟈이로체펠리X죠니죠스타,해당없음,,"만화,일러스트,소설,공예",https://dongne.co/event/df2204/circles/145687,제 18회 디페스타,day1
흙 속의 인디고&호박씨,인디고,G1,2sp,"도자기 미니어처, 오비츠 의상","도자기 미니어처, 한지공예품, 오비츠 의상",,,,해당없음,,"공예,조형",https://dongne.co/event/df2204/circles/145489,제 18회 디페스타,day1
흰나비가 나는 숲,가온뉘,J13b,1sp,MIU404,"괴수를 위한 시간, 포켓몬스터:소드&실드, 백작가의 망나니가 되었다",,,,로맨틱,,소설,https://dongne.co/event/df2204/circles/146290,제 18회 디페스타,day1
19살이 너무해!,19살연하공,B4b,1sp,에리오스 라이징 히어로즈,,,,,로맨틱,"빌리그레, 페이디노, 마리가스",만화,https://dongne.co/event/game03/circles/143540,제 3회 오락관,day2
2022년에 페르소나 파기,윳,C14a,1sp,페르소나 시리즈,,,,,,,,https://dongne.co/event/game03/circles/143465,제 3회 오락관,day2
2인분 코퀴토스,"자고새, 이비",C20,2sp,세포신곡,,,"아토 하루키, 우츠기 노리유키, 이소이 사네미츠",,"로맨틱,섹슈얼",,"만화,소설",https://dongne.co/event/game03/circles/141692,제 3회 오락관,day2
4근1힐,청류,B7,2sp,사이퍼즈,,,,바레X데샹,섹슈얼,클리브제이 ,,https://dongne.co/event/game03/circles/104452,제 3회 오락관,day2
4컷전선부스,아닌겨,B12,2sp,소녀전선,,,,,,,만화,https://dongne.co/event/game03/circles/108011,제 3회 오락관,day2
9월 30일,9월 30일,F1b,1sp,뉴단간론파V3,,,"오마 코키치, 사이하라 슈이치",오마 코키치X사이하라 슈이치,"로맨틱,섹슈얼",,,https://dongne.co/event/game03/circles/108212,제 3회 오락관,day2
ALWAYS BESIDE,빵도리,A20,2sp,,,,,,,,,https://dongne.co/event/game03/circles/115149,제 3회 오락관,day2
AMIX,미르,E14a,1sp,로드 오브 히어로즈,영원한7일의도시,,요한,로드X요한,로맨틱,,만화,https://dongne.co/event/game03/circles/103618,제 3회 오락관,day2
Blue monday,크뭉,C4a,1sp,페이트 그랜드오더,,,로마니 아키만,마리스빌리 아니무스피어X로마니 아키만,해당없음,,만화,https://dongne.co/event/game03/circles/149412,제 3회 오락관,day2
Cafe Aporia,아오자이조장,F16,2sp,창작 비주얼 노벨,관련 굿즈,,,X,해당없음,,"소설,게임",https://dongne.co/event/game03/circles/141764,제 3회 오락관,day2
COLOR ROTATION,MEEMA,D17,2sp,라이브러리오브루이나 로보토미코퍼레이션  ,파이널판타지14,,헤세드,헤세드X게부라,"섹슈얼,로맨틱",,만화,https://dongne.co/event/game03/circles/105208,제 3회 오락관,day2
COSMOS,VNI,B17a,1sp,마비노기,,,"케흘렌, 마르에드",케흘렌X마르에드,로맨틱,,만화,https://dongne.co/event/game03/circles/144793,제 3회 오락관,day2
Couvee,한강물,C8a,1sp,파이어엠블렘 풍화설월,,,마누엘라 카자그란다,페르디난트X마누엘라,"섹슈얼,로맨틱",,소설,https://dongne.co/event/game03/circles/147988,제 3회 오락관,day2
dance with devil,김철수,C19b,1sp,진여신전생3 녹턴 매니악스,파이어 엠블렘 풍화설월,,"단테,인수라,픽시,펠릭스,실뱅",단테X인수라,로맨틱,"인수라←픽시,펠릭스X실뱅",만화,https://dongne.co/event/game03/circles/106328,제 3회 오락관,day2
Fitting Room,쓩늉,F20a,1sp,세포신곡...,,,,,해당없음,,"일러스트,만화,기타",https://dongne.co/event/game03/circles/110837,제 3회 오락관,day2
Go west,돼지불백,B5b,1sp,에리오스 라이징 히어로즈,,,에리오스 캐릭터,,,,만화,https://dongne.co/event/game03/circles/148576,제 3회 오락관,day2
halogen,F,F20b,1sp,회색도시2,,,"유상일, 올캐러",,,,"만화,일러스트",https://dongne.co/event/game03/circles/144174,제 3회 오락관,day2
Jailgrouncer,아리스시리아,D22a,1sp,길티기어,페이트,,,X,,,만화,https://dongne.co/event/game03/circles/143328,제 3회 오락관,day2
KUMONE,쿠모,A11b,1sp,버디미션 본드,,버디버디 ~사람과 사람을 잇는 본드~ 2회,,아론X루크,"로맨틱,섹슈얼",,만화,https://dongne.co/event/game03/circles/144438,제 3회 오락관,day2
mero,mero,A21b,1sp,,,,,,,,일러스트,https://dongne.co/event/game03/circles/104514,제 3회 오락관,day2
NINE,91,F7b,1sp,로드 오브 히어로즈,,,"요한, 로드",요한X로드,"로맨틱,섹슈얼",,소설,https://dongne.co/event/game03/circles/106480,제 3회 오락관,day2
NO EYE DEER,離脱、Hizurida,E4,2sp,"제5인격, 파이널판타지 14","하데스, 역전재판, 슈퍼 단간론파2",,,,,,"일러스트,기타,만화,공예",https://dongne.co/event/game03/circles/147777,제 3회 오락관,day2
No.1 Party!,벤더,B13b,1sp,뱅드림! 걸즈 밴드 파티!,"엘소드, 마법사의 약속, 쿠키런, 프로젝트 세카이, 세포신곡",,,도미네이터X마스터마인드,해당없음,,일러스트,https://dongne.co/event/game03/circles/107025,제 3회 오락관,day2
ONSET,사비크,E20,2sp,파판14,,,,,,,,https://dongne.co/event/game03/circles/103593,제 3회 오락관,day2
orangepeel,라지엘,D1b,1sp,마법사의 약속,,,"카인 나이트레이, 오웬",카인X오웬,로맨틱,,만화,https://dongne.co/event/game03/circles/145720,제 3회 오락관,day2
PS Vita 부흥위원회,불역파,C13b,1sp,페르소나3,,,올캐러,아라가키 신지로X햄코,로맨틱,"3주x아이기스, 이오리 준페이x요시노 치도리, 타케바 유카리x키리조 미츠루","일러스트,만화,기타",https://dongne.co/event/game03/circles/142586,제 3회 오락관,day2
SAND LAKE,새벽네시,D19,2sp,록맨,,,,파이레츠맨X킹,섹슈얼,,"만화,소설,일러스트",https://dongne.co/event/game03/circles/112739,제 3회 오락관,day2
silverforest,은림,F17a,1sp,,,,,,,,,https://dongne.co/event/game03/circles/145131,제 3회 오락관,day2
The whole self ,모록,A21a,1sp,섬의 궤적,,,린 슈바르처,,로맨틱,,소설,https://dongne.co/event/game03/circles/103623,제 3회 오락관,day2
to return,미도,F21b,1sp,베리드 스타즈,,,"이규혁, 한도윤",,"로맨틱,섹슈얼",규혁도윤,소설,https://dongne.co/event/game03/circles/110718,제 3회 오락관,day2
Under the Sea,레밤,E15,2sp,로드 오브 히어로즈,,,미하일 블레이크,미하일X크롬,로맨틱,,만화,https://dongne.co/event/game03/circles/148424,제 3회 오락관,day2
[상시 무료배포] 품목: 신의 사랑,아단,C21,2sp,세포신곡(Cell of Empireo),,,요우니나/호스트조/백장미조,쟈부치 요우X야나기 니나,로맨틱,백장미조,"만화,기타",https://dongne.co/event/game03/circles/141849,제 3회 오락관,day2
[의욕:대성공] 나버린 부스,아델킴,B22,2sp,디스코 엘리시움,,,"해리 드 부아, 킴 키츠라기",해리X킴,로맨틱,,"소설,기타,만화",https://dongne.co/event/game03/circles/141781,제 3회 오락관,day2
昆蟲箱子 :: Insect Box,사나이,A14,2sp,버디미션BOND,영원한7일의도시,버디버디 ~사람과 사람을 잇는 본드~ 2회,,,,,만화,https://dongne.co/event/game03/circles/110206,제 3회 오락관,day2
가르그마크 텃밭,sr,C17b,1sp,파이어엠블렘 풍화설월,,,벨레스 디미트리,,"로맨틱,섹슈얼",디미레스,"만화,일러스트,소설",https://dongne.co/event/game03/circles/109440,제 3회 오락관,day2
가보자고,얄루,A10b,1sp,버디미션 BOND,,버디버디 ~사람과 사람을 잇는 본드~ 2회,,,,,,https://dongne.co/event/game03/circles/143937,제 3회 오락관,day2
가짜라이벌단속반에서나왔습니다,도현,D9,2sp,포켓몬스터 소드.실드,,,"단델, 금랑",단델X금랑,로맨틱,,소설,https://dongne.co/event/game03/circles/143581,제 3회 오락관,day2
간편하게 호로록 회색도시,김서린,F4a,1sp,회색도시2,,,"정은창, 강재인",정은창X강재인,섹슈얼,,만화,https://dongne.co/event/game03/circles/145442,제 3회 오락관,day2
감시기지,ㅇㅅㅇ,F5a,1sp,오버워치,,,,레예스X맥크리,"섹슈얼,로맨틱",올캐러,"소설,일러스트",https://dongne.co/event/game03/circles/109519,제 3회 오락관,day2
강쥐테라피,드리,A10a,1sp,버디미션본드,,버디버디 ~사람과 사람을 잇는 본드~ 2회,루크 윌리엄스,아론X루크,,,,https://dongne.co/event/game03/circles/143940,제 3회 오락관,day2
거다이족쇄,에탁,D8,2sp,포켓몬스터 소드 실드,,,"단델, 금랑",단델X금랑,"섹슈얼,로맨틱",,"만화,소설",https://dongne.co/event/game03/circles/107786,제 3회 오락관,day2
관상식물,깊고깊은,A9,2sp,버디미션본드,베리드 스타즈,버디버디 ~사람과 사람을 잇는 본드~ 2회,"아론, 루크, 이규혁, 한도윤",아론X루크,로맨틱,규혁도윤,소설,https://dongne.co/event/game03/circles/143193,제 3회 오락관,day2
괴터데메룽(닫힘),개롱이,C4b,1sp,페이트 그랜드 오더,,,,신챠X셜록홈즈,"섹슈얼,로맨틱",,"만화,일러스트",https://dongne.co/event/game03/circles/105248,제 3회 오락관,day2
교부님의 그것은 큰가요? 후훗 염주말이에요,망상,A22b,1sp,전국바사라,,,,,,,,https://dongne.co/event/game03/circles/109453,제 3회 오락관,day2
궁병극좌,크림빵,C3,2sp,페이트,,,"5차 아처, 에미야 시로",5차 아처X에미야 시로,"섹슈얼,로맨틱","궁사, 궁창","만화,소설",https://dongne.co/event/game03/circles/106262,제 3회 오락관,day2
그런 안일한 마음으로 나블하는거니,망고도도,B16,2sp,엘소드,,,"엘소드, 아인",엘소드X아인,로맨틱,,"만화,기타",https://dongne.co/event/game03/circles/105172,제 3회 오락관,day2
까마귀 둥지,오운,F12,2sp,"로드오브히어로즈, 파이널판타지14",1차,,"에메트셀크, 수정공",,해당없음,,공예,https://dongne.co/event/game03/circles/103614,제 3회 오락관,day2
까마귀와 왕님은 사귀고있나요?,HSFS,B21b,1sp,다크소울,다키스트 던전,,"키아란,아르토리우스",,,,"일러스트,만화",https://dongne.co/event/game03/circles/143559,제 3회 오락관,day2
네크로맨틱 티파티,"네크로맨서, 호로롭",B19,2sp,세포신곡,,,,,,,"소설,만화,일러스트",https://dongne.co/event/game03/circles/148231,제 3회 오락관,day2
다람쥐 귀여워,도치,A19a,1sp,동물의숲(모동숲),"마비노기, 포켓몬스터",,,,,,"공예,조형,기타",https://dongne.co/event/game03/circles/142190,제 3회 오락관,day2
다올,다올,F15a,1sp,파이널판타지14,,,,,,,"게임,공예",https://dongne.co/event/game03/circles/144045,제 3회 오락관,day2
단어혼용방지위원회,순자,A8,2sp,버디미션 BOND,,버디버디 ~사람과 사람을 잇는 본드~ 2회,루크 윌리엄스,,섹슈얼,,소설,https://dongne.co/event/game03/circles/143195,제 3회 오락관,day2
대타출동,녹녹,F19,2sp,"포켓몬스터 소드&실드, 파이널판타지14",,,,,,,"만화,일러스트",https://dongne.co/event/game03/circles/104609,제 3회 오락관,day2
더블E,무라이,A18a,1sp,슈퍼로봇대전OG시리즈,,,쿠스하 제오라 ,브릿트X쿠스하,"로맨틱,섹슈얼",아라드x제오라,만화,https://dongne.co/event/game03/circles/103584,제 3회 오락관,day2
도깨비상점,골든램지,D15,2sp,"라이브러리 오브 루이나, 베리드 스타즈, 앙상블 스타즈",,,,,,,"만화,일러스트",https://dongne.co/event/game03/circles/149215,제 3회 오락관,day2
도레미루레파시도,"YEM, 전과자",D2,2sp,마법사의 약속,,,,미스라X루틸,"로맨틱,섹슈얼",레녹스x파우스트,"만화,일러스트,기타",https://dongne.co/event/game03/circles/147414,제 3회 오락관,day2
도리도리랜드,도리도리,B8,2sp,그랜드체이스,리그오브레전드,,,,,,"만화,일러스트",https://dongne.co/event/game03/circles/142578,제 3회 오락관,day2
도스임시서클명,준,B3b,1sp,몬스터헌터 xx,,,,,해당없음,,만화,https://dongne.co/event/game03/circles/143927,제 3회 오락관,day2
도시에 사람 있어요 [정상영업 중],아브크,F24,2sp,회색도시 2,,,"정은창, 권현석",권현석X정은창,"로맨틱,섹슈얼",,소설,https://dongne.co/event/game03/circles/144276,제 3회 오락관,day2
동백나무의 가지,"쿠로센, 심해",D14,2sp,라이브러리 오브 루이나 ,"림버스 컴퍼니, 로드 오브 히어로즈 ",,,,,,"공예,기타,일러스트",https://dongne.co/event/game03/circles/141559,제 3회 오락관,day2
뒹굴뒹굴,돕돕돕,F6,2sp,DC코믹스,"오버워치, 롤",,배트맨,,해당없음,,일러스트,https://dongne.co/event/game03/circles/144502,제 3회 오락관,day2
드래곤 길들이기,도마뱀,D11,2sp,포켓몬스터 소드실드,,,금랑,,로맨틱,호브우리,만화,https://dongne.co/event/game03/circles/104536,제 3회 오락관,day2
디스코한무언가,해인,B23a,1sp,디스코엘리시움,젤다의 전설 야생의 숨결,,"해리 드부아, 킴 키츠라기",,"해당없음,로맨틱",,기타,https://dongne.co/event/game03/circles/142006,제 3회 오락관,day2
딸기공장,슈님,D3b,1sp,마법사의 약속,파이어엠블렘풍화설월,,루틸,,로맨틱,,만화,https://dongne.co/event/game03/circles/107152,제 3회 오락관,day2
랑야각 연합 오세요,청설모로드,E12,2sp,로드 오브 히어로즈,앙상블 스타즈,,,,,,게임,https://dongne.co/event/game03/circles/144519,제 3회 오락관,day2
레몬벨벳,초코호시,F11,2sp,꽃의 새벽,,,,,,,"음반,일러스트,기타",https://dongne.co/event/game03/circles/147627,제 3회 오락관,day2
렛츠 가락,SUMNI,D21,2sp,길티기어,,,,,해당없음,,만화,https://dongne.co/event/game03/circles/143847,제 3회 오락관,day2
로드의전설,얄롤리,A5,2sp,"젤다의전설, 로드오브히어로즈",,,,,,,,https://dongne.co/event/game03/circles/103984,제 3회 오락관,day2
마감도 롹이다,긍,A22a,1sp,아르고나비스,,,,,로맨틱,,소설,https://dongne.co/event/game03/circles/147757,제 3회 오락관,day2
마남파격세일,"B, 친정어머님",D24,2sp,마법사의 약속,,,,카인X오웬,,미스라X루틸,"만화,일러스트",https://dongne.co/event/game03/circles/148797,제 3회 오락관,day2
마스크 끼고 푸드덕,훈새,F23a,1sp,베리드 스타즈,,,"이규혁, 한도윤",이규혁X한도윤,"로맨틱,섹슈얼",,"만화,일러스트",https://dongne.co/event/game03/circles/110835,제 3회 오락관,day2
마이너의 끝,JOPOK,B23b,1sp,샹치,어쌔신 크리드,,"웬우, 헤이담",레피X웬우,"섹슈얼,로맨틱",웬우른,소설,https://dongne.co/event/game03/circles/107575,제 3회 오락관,day2
맛있는 강정,도화,F23b,1sp,회색도시2,테일즈위버,,강재인,강재인X정은창,로맨틱,,만화,https://dongne.co/event/game03/circles/141348,제 3회 오락관,day2
먹고구름,R,B18,2sp,쿠키런 킹덤,"쿠키런 오븐브레이크,마비노기 ,LoL",,,,,,일러스트,https://dongne.co/event/game03/circles/144670,제 3회 오락관,day2
메달리는 내내,내내,F10,2sp,"로드 오브 히어로즈, 파이널 판타지","동물의 숲, 쿠키런",,,,"로맨틱,섹슈얼",,"일러스트,만화,기타",https://dongne.co/event/game03/circles/142480,제 3회 오락관,day2
면죄도 동인도 되다 말았습니다.,이데아,E1,2sp,파이널판타지14,,,에메트셀크,휘틀로다이우스X에메트셀크,"로맨틱,섹슈얼",고대인,"소설,기타,일러스트",https://dongne.co/event/game03/circles/104541,제 3회 오락관,day2
모여봐요 장르콩가루의 숲,연수,E9,2sp,오토메게임,"완드 오브 포춘, 포켓몬스터, 영원한 7일의 도시",,미정,,"로맨틱,해당없음",미정,"일러스트,소설,기타",https://dongne.co/event/game03/circles/107710,제 3회 오락관,day2
뭐가 나올지 몰라용,aiueoatm,A23,2sp,,,,,,,,,https://dongne.co/event/game03/circles/108514,제 3회 오락관,day2
뭐든 내보겠습니다,snow_pasta,D22b,1sp,파이널판타지14,길티기어,,"솔, 카이, 빛의전사 ,에메트셀크, 그라하티아",하데스X빛의전사,"로맨틱,섹슈얼","솔×카이,에메트셀크×수정공(혐관)","소설,일러스트,조형,기타",https://dongne.co/event/game03/circles/144247,제 3회 오락관,day2
뮤 로드가 푸딩 사갈게,돌,E13,2sp,로드 오브 히어로즈,,,올캐러 지향,,,,"만화,일러스트",https://dongne.co/event/game03/circles/143323,제 3회 오락관,day2
미카구라 불륜 산악회,늘보,A17a,1sp,버디미션 본드,,버디버디 ~사람과 사람을 잇는 본드~ 2회,"체슬리, 루크, 팬텀",체슬리X루크,"로맨틱,섹슈얼",,"만화,일러스트,소설",https://dongne.co/event/game03/circles/141560,제 3회 오락관,day2
미팅찻집에서 방탈출을,jeno,C16a,1sp,페르소나 Q,회색도시2,,P3주,,,,,https://dongne.co/event/game03/circles/107516,제 3회 오락관,day2
민트쵸코믹스,뮈우,B13a,1sp,소녀전선,,,,,,,"만화,일러스트,기타",https://dongne.co/event/game03/circles/103963,제 3회 오락관,day2
바빌론 창고 계약한 인최마 군,카노,C2a,1sp,페이트 그랜드 오더,,,"길가메쉬, 후지마루 리츠카",길가메쉬(캐스터)X후지마루 리츠카(구다오),"로맨틱,섹슈얼",,"소설,기타",https://dongne.co/event/game03/circles/147667,제 3회 오락관,day2
바웨와친구들,인어맨,B3a,1sp,매스이펙트,드래곤 에이지 ,,셰퍼드 개러스 그런트,,해당없음,,만화,https://dongne.co/event/game03/circles/103706,제 3회 오락관,day2
바이오웨어 온리전 ~FORNAX : N7 SPECIAL EDITION~,이든&김쌍자&Oxy,B2,2sp,매스이펙트,드래곤 에이지,,"셰퍼드, 개러스 외 다수",,"로맨틱,섹슈얼,해당없음","쉬리오스, 제브워든 외 다수","소설,만화,일러스트",https://dongne.co/event/game03/circles/141238,제 3회 오락관,day2
반반맥주많이,찐빵,B6,2sp,에리오스 라이징 히어로즈,,,"디노 알바니, 키스 맥스, 브래드 빔스",키스 맥스X브래드 빔스,"로맨틱,섹슈얼",디노키스,만화,https://dongne.co/event/game03/circles/141446,제 3회 오락관,day2
배신자의 뜰,람,F22,2sp,베리드 스타즈,,,"이규혁, 한도윤",이규혁X한도윤,"로맨틱,섹슈얼",,소설,https://dongne.co/event/game03/circles/110730,제 3회 오락관,day2
배틀뷔페,권생,D7,4sp,포켓몬스터,"FGO, 파이어엠블렘풍화설월,단간론파,월드엔드클럽,프로젝트 세카이,로보토미코퍼레이션,라이브러리 오브 루이나,앙스타, 레이튼교수시리즈",,,,,,,https://dongne.co/event/game03/circles/106587,제 3회 오락관,day2
버니디저트,팡스,E2a,1sp,파이널판타지14,"영칠,로오히(미정)",,,,,,,https://dongne.co/event/game03/circles/149809,제 3회 오락관,day2
버디버디 ~사람과 사람을 잇는 본드~ 2회 (운영부스),동인 네트워크,A12,2sp,,,버디버디 ~사람과 사람을 잇는 본드~ 2회,,,,,,https://dongne.co/event/game03/circles/170573,제 3회 오락관,day2
베스트라마도공병잡플래닛평점0.3점,무교,C10b,1sp,파이어엠블렘 풍화설월,,,"페르디난트, 휴베르트",페르디난트X휴베르트,로맨틱,,,https://dongne.co/event/game03/circles/142499,제 3회 오락관,day2
별다섯개,감은눈,D12a,1sp,페르소나5,ff14,,,모험가X수정공,섹슈얼,"빛전수정, 모험수정",만화,https://dongne.co/event/game03/circles/108763,제 3회 오락관,day2
부스명못정한부스,AP,B9,2sp,엘소드,"그랜드체이스, 로드 오브 히어로즈",,,,해당없음,,"일러스트,기타",https://dongne.co/event/game03/circles/107780,제 3회 오락관,day2
사관학교로얄커플,킴비,C8b,1sp,파이어엠블럼 풍화설월,,,디미트리 클로드,디미트리X클로드,로맨틱,,만화,https://dongne.co/event/game03/circles/108591,제 3회 오락관,day2
사랑의 둥지,테이큰,F2a,1sp,슈퍼단간론파2,,,"히나타 하지메, 코마에다 나기토",,섹슈얼,,소설,https://dongne.co/event/game03/circles/142976,제 3회 오락관,day2
사별남이 두 배 ,민,F4b,1sp,리그오브레전드,라이브러리 오브 루이나,,세나,루시안X세나,로맨틱,"자야라칸, 롤랑안젤","만화,일러스트,소설",https://dongne.co/event/game03/circles/148767,제 3회 오락관,day2
상자각,상자각(곽민선),B17b,1sp,LOL,아이온,,,,,,일러스트,https://dongne.co/event/game03/circles/147836,제 3회 오락관,day2
생생정보통에 소개된 조슈바네 떡집,아이슈,E16,2sp,로드오브히어로즈,,,조슈아,조슈아X바네사,"로맨틱,섹슈얼",,"만화,일러스트,소설",https://dongne.co/event/game03/circles/143379,제 3회 오락관,day2
서버와의 연결이 끊어졌습니다,Lunch,B1b,1sp,데스티니 가디언즈,"레드 데드 리뎀션2, 폴아웃",,,,,,"만화,일러스트",https://dongne.co/event/game03/circles/108685,제 3회 오락관,day2
서클명 뭐할까?,나시,A4a,1sp,-,-,,-,,"로맨틱,섹슈얼",-,소설,https://dongne.co/event/game03/circles/142529,제 3회 오락관,day2
선생님 부스가 내고싶어요,철가면,E17b,1sp,로드 오브 히어로즈,,,,조슈아X바네사,로맨틱,,,https://dongne.co/event/game03/circles/110201,제 3회 오락관,day2
세계최강 양돌이,Cent,D4b,1sp,마법사의 약속,프로젝트 세카이,,,미스라X루틸,해당없음,,,https://dongne.co/event/game03/circles/148210,제 3회 오락관,day2
소꿉친구가 알고보니 레즈?,장어덮밥,C12,2sp,"러브라이브 스쿨아이돌 페스티벌 올스타, 파이어 엠블렘 풍화설월",도쿄 세븐스 시스터즈,,"우에하라 아유무, 에델가르트 폰 흐레스벨그",우에하라 아유무X아나타쨩,"로맨틱,해당없음",파이어 엠블렘 풍화설월 흑수리 여캐 위주 논컾,만화,https://dongne.co/event/game03/circles/107999,제 3회 오락관,day2
소프트아이스크림부,도담,A4b,1sp,테일즈 오브 제스티리아,,,"스레이, 미쿠리오",미쿠리오X스레이,로맨틱,,만화,https://dongne.co/event/game03/circles/142050,제 3회 오락관,day2
손도치,sondochi,F15b,1sp,오리지널,모동숲,,,,,,공예,https://dongne.co/event/game03/circles/142809,제 3회 오락관,day2
순愛(아이)보,임무 ,A11a,1sp,,,버디버디 ~사람과 사람을 잇는 본드~ 2회,"아론,루크, 올캐릭터",아론X루크,"로맨틱,섹슈얼,해당없음",,"만화,일러스트,기타",https://dongne.co/event/game03/circles/145470,제 3회 오락관,day2
스카굿즈,scaro,E2b,1sp,파이널 판타지14,"데스티니 가디언즈, 폴아웃",,,,,,,https://dongne.co/event/game03/circles/145112,제 3회 오락관,day2
신도 덕질하나요?,비야,A3,2sp,신도 야근을 하나요?,,,,,,,일러스트,https://dongne.co/event/game03/circles/144089,제 3회 오락관,day2
신아이메리크 꼬친 주세요,로유,E24,2sp,파이널 판타지 14,,,,아이메리크X에스티니앙,로맨틱,,"만화,소설",https://dongne.co/event/game03/circles/143729,제 3회 오락관,day2
신의 사랑과 재고,상인npc,C22a,1sp,세포신곡,드래곤네스트,,아마도 낙원조와 화분조,,,,일러스트,https://dongne.co/event/game03/circles/148197,제 3회 오락관,day2
신청하고본다,연비,C13a,1sp,프린세스 커넥트 리다이브,,,무이미,오쿠토X무이미,해당없음,,만화,https://dongne.co/event/game03/circles/143410,제 3회 오락관,day2
신청해두면 뭐라도 나오겠지,z,E5a,1sp,FF14,사이퍼즈,,,,,,,https://dongne.co/event/game03/circles/144764,제 3회 오락관,day2
아 언제열었데!!,알파깡,A7a,1sp,데빌 메이 크라이,디 이블 위딘,,"단테,버질",버질X단테,로맨틱,,만화,https://dongne.co/event/game03/circles/109910,제 3회 오락관,day2
아동문학 읽는 어른,레아시스,C6a,1sp,Fate/Grand Order,,,,안데르센X셰익스피어,"로맨틱,섹슈얼",신주쿠의 아처x셜록 홈즈,소설,https://dongne.co/event/game03/circles/104683,제 3회 오락관,day2
아르케늄 100% 화이트와인,레비,C23,2sp,세포신곡 시리즈,,,,우츠기 란기리X하라다 무테이,"로맨틱,섹슈얼",루츠세오(막간컾),소설,https://dongne.co/event/game03/circles/140708,제 3회 오락관,day2
아마라 네트워크,ㄴㅁㅋ,C19a,1sp,진 여신전생 3,,,인수라,,해당없음,,"만화,공예,기타",https://dongne.co/event/game03/circles/106689,제 3회 오락관,day2
아마라별관,무이킹,C6b,1sp,진여신전생3,,,"인수라, 단테",단테X인수라,"로맨틱,섹슈얼",,만화,https://dongne.co/event/game03/circles/141422,제 3회 오락관,day2
아무튼나갑니다오락관,힉쿠,A15b,1sp,버디미션본드,ff14,버디버디 ~사람과 사람을 잇는 본드~ 2회,아론 체슬리 모쿠마 루크,,,,"만화,일러스트",https://dongne.co/event/game03/circles/142645,제 3회 오락관,day2
아발론 변두리 맥주감자집,리나로드,C2b,1sp,로드 오브 히어로즈,파이어엠블렘 풍화설월,,"요한 테일드, 프람 베르그",요한X프람,로맨틱,디미에델,"만화,소설",https://dongne.co/event/game03/circles/108482,제 3회 오락관,day2
아발론에서 346 프로덕션과 베리드 스타즈를 추구하면 안되는걸까?,연웨리,F7a,1sp,"로드오브히어로즈, 베리드 스타즈",아이돌 마스터 신데렐라 걸즈,,"자이라 , 엔진 , 타쿠미 , 나츠키 , 한도윤 , 이규혁 , 허우석",,,,"만화,공예,일러스트",https://dongne.co/event/game03/circles/144212,제 3회 오락관,day2
아발론왕립대학 문화예술학부,카루시안,E18,2sp,로드 오브 히어로즈 (로오히),,,,,,,"만화,일러스트,소설,공예",https://dongne.co/event/game03/circles/144076,제 3회 오락관,day2
아저씨는 이제 젊은이들의 혈기를 받아주기가 힘들어,"푸구, 라떼, 이기기",A16,2sp,버디미션 본드,,버디버디 ~사람과 사람을 잇는 본드~ 2회,"체슬리, 모쿠마, 에드워드, 아론, 루크",체슬리X모쿠마,로맨틱,"루크른, 에드루크","일러스트,만화",https://dongne.co/event/game03/circles/140869,제 3회 오락관,day2
아홉구름,리리,E5b,1sp,파이널판타지14,,,"에스티니앙,아이메리크",에스티니앙X아이메리크,"로맨틱,섹슈얼",아이메리크x에스티니앙,"만화,일러스트,소설",https://dongne.co/event/game03/circles/143491,제 3회 오락관,day2
알아 난 너 뿐인걸,제제,D3a,1sp,프로젝트 세카이,마법사의 약속,,,시노노메 아키토X시노노메 에나,"로맨틱,섹슈얼",,소설,https://dongne.co/event/game03/circles/107174,제 3회 오락관,day2
암어 C비지 네 지갑 C벼줄게,NAJJO,E8b,1sp,사이퍼즈,,,샬럿/멜빈/티모시/클리브/티샤엘프/안타리우스,티샤X엘프리데,로맨틱,,일러스트,https://dongne.co/event/game03/circles/142504,제 3회 오락관,day2
앙소드,"494,헤일리",E11b,1sp,"앙상블스타즈!!, 엘소드",,,엘소드노아,HiMERUX카제하야 타츠미,로맨틱,리버닉스,"만화,일러스트,기타",https://dongne.co/event/game03/circles/143454,제 3회 오락관,day2
앤젤라커튼열어,세라,D13,2sp,라이브러리오브루이나,로보토미 원더랩 뒤틀림 탐정 ,,,,,,"기타,일러스트",https://dongne.co/event/game03/circles/142737,제 3회 오락관,day2
"야가미, 너 친구 없지? ~ 그래서 남친이 되기로 했습니다 ~",밍,A7b,1sp,더 킹오브 파이터즈 (KOF),,,"쿠사나기 쿄, 야가미 이오리",쿄X이오리,,,"소설,일러스트",https://dongne.co/event/game03/circles/142740,제 3회 오락관,day2
엉망진창 마구니네,욕망의 마구니's,D16,2sp,로보토미,라오루 세포신곡 롤 페그오 로오히 할나,,,,,,,https://dongne.co/event/game03/circles/143961,제 3회 오락관,day2
에테라이트,돠돠,E19,2sp,파이널판타지14,,,그라하티아,,,,"일러스트,공예",https://dongne.co/event/game03/circles/105411,제 3회 오락관,day2
여궁언니가 너무 좋아요,비월군,C24a,1sp,페이트,,,TS아처,,"섹슈얼,로맨틱",창사,소설,https://dongne.co/event/game03/circles/106209,제 3회 오락관,day2
여기서부터 라쿤시티입니다,SARDINE,A1b,1sp,바이오하자드 RE:2,,,"레온 케네디, 에이다 웡",,,,만화,https://dongne.co/event/game03/circles/142680,제 3회 오락관,day2
여러분 리듬게임 하세요,야채,A19b,1sp,코나미 리듬게임,"메이플스토리, 이터널 리턴",,"쿠로(노스텔지어), 데몬(메이플스토리)",,해당없음,,"소설,기타",https://dongne.co/event/game03/circles/143311,제 3회 오락관,day2
여름엔 퍼거스커피 여름엔 디미레스,아라,C7,2sp,파이어엠블렘 풍화설월,,,벨레스 아이스너,,"로맨틱,섹슈얼",,"소설,기타",https://dongne.co/event/game03/circles/107391,제 3회 오락관,day2
연애빼고다하기,와뉴뉴,D10b,1sp,앙스타,트위스테,,,세나 이즈미X유우키 마코토,"로맨틱,섹슈얼",에스듀,만화,https://dongne.co/event/game03/circles/142486,제 3회 오락관,day2
영감에게16길촉,아사네,D23a,1sp,파이널판타지14,단간론파,,,에메트셀크X아젬,로맨틱,에메히카,"만화,기타",https://dongne.co/event/game03/circles/143645,제 3회 오락관,day2
영원한 마감러의 부스,와뉴,E7a,1sp,영원한 7일의 도시,로드 오브 히어로즈,,여자 지휘사,,"로맨틱,섹슈얼",,만화,https://dongne.co/event/game03/circles/103991,제 3회 오락관,day2
영원한 앙상블의 도시,에바님,E10,2sp,"영원한 7일의 도시,",앙상블 스타즈!!,,지휘사,세츠X지휘사(여),로맨틱,"지휘사(남)x아라시, 히이로x아이라",만화,https://dongne.co/event/game03/circles/107596,제 3회 오락관,day2
오락도 락이다,Myacc,C9,2sp,파이어 엠블렘 풍화설월,"아이돌 마스터 Side M(사이마스), 라테일, 로드 오브 히어로즈(로오히), 신도 야근을 하나요?(신야근)",,,,,,"만화,일러스트",https://dongne.co/event/game03/circles/143408,제 3회 오락관,day2
우리 조슈아가 이렇게 예뻐요,월님,F13,2sp,로드오브 히어로즈,사이퍼즈,,조슈아,요한X조슈아,로맨틱,,공예,https://dongne.co/event/game03/circles/147890,제 3회 오락관,day2
우리가 아르노다!,특대파르페,C11,2sp,궤적 시리즈,앙상블 스타즈!,,알바레아 형제,루퍼스X유시스,"섹슈얼,로맨틱","모브C, 모브루퍼","만화,소설",https://dongne.co/event/game03/circles/141476,제 3회 오락관,day2
울어른강강쥐절대행복하게만들어주겠어,말세,A15a,1sp,버디미션bond,,버디버디 ~사람과 사람을 잇는 본드~ 2회,"체슬리, 루크",,해당없음,,,https://dongne.co/event/game03/circles/143730,제 3회 오락관,day2
원주종지하철광인(3호선),에스,D4a,1sp,마법사의 약속,,,"레녹스, 파우스트",,,,"만화,일러스트,기타",https://dongne.co/event/game03/circles/147922,제 3회 오락관,day2
윙 치킨..,채소김채소,D6b,1sp,록맨,,,,,섹슈얼,,"일러스트,만화",https://dongne.co/event/game03/circles/143544,제 3회 오락관,day2
유구한 바람을 타고 와준 너에게,금사빠,E21a,1sp,파이널판타지14,,,그라하 티아,빛의 전사X그라하 티아,"로맨틱,섹슈얼",,소설,https://dongne.co/event/game03/circles/105862,제 3회 오락관,day2
유비디스커넥트,3B,B4a,1sp,어쌔신 크리드,유비게임들,,켄웨이,,"로맨틱,섹슈얼",,만화,https://dongne.co/event/game03/circles/107432,제 3회 오락관,day2
유죄기어 & 돌 먹다 돌은 사람,hdr,D20,2sp,"길티기어, 록맨",,,"올캐러, 제로, 엑스",,해당없음,,"만화,일러스트",https://dongne.co/event/game03/circles/141872,제 3회 오락관,day2
"윤회, 그거 다시 돌려줘!",립스,E8a,1sp,"영원한7일의도시,",페르소나345,,"논컾, 플레이어블 캐릭터 위주",X,해당없음,,"기타,일러스트",https://dongne.co/event/game03/circles/142564,제 3회 오락관,day2
음유시가(吟遊詩歌),강태헌,B10,2sp,엘소드,라테일 엘소드,,,,,검호히어 셀레리버 닉스리버,,https://dongne.co/event/game03/circles/148499,제 3회 오락관,day2
이 부스가 행사에 나온다면 제가 마감에 성공했다는 뜻이겠죠,겨울,D10a,1sp,포켓몬스터 소드실드,,,"단델, 금랑",X,로맨틱,,"소설,일러스트,기타",https://dongne.co/event/game03/circles/105079,제 3회 오락관,day2
이거 게이볼그 아냐 아쳐,이록기,C24b,1sp,페이트 그랜드 오더,페이트 스테이 나이트,,에미야, 쿠훌린X에미야,섹슈얼,,"만화,공예",https://dongne.co/event/game03/circles/104200,제 3회 오락관,day2
이걸... 또 먹는군요?,하밀,B14b,4sp,엘소드,,,"아인, 애드, 청",X,"섹슈얼,로맨틱","아인 3라인 왼, 센츄페팬","만화,일러스트,소설",https://dongne.co/event/game03/circles/107008,제 3회 오락관,day2
이구동성 망팟,셀,C15,2sp,페르소나5,"풍화설월, 로드 오브 히어로즈",,주인공,,,,,https://dongne.co/event/game03/circles/104149,제 3회 오락관,day2
인도공주와 궁정고영의 집사,에나,C5,2sp,fate/grand order,,,아르주나,카르나X아르주나,로맨틱,아마살리,"만화,소설",https://dongne.co/event/game03/circles/104559,제 3회 오락관,day2
일단신청해,amaama,F5b,1sp,"롤, 오버워치",,,,,,,,https://dongne.co/event/game03/circles/144367,제 3회 오락관,day2
장터게시판,오늘,E6,2sp,파이널판타지14,,,,,,,공예,https://dongne.co/event/game03/circles/108727,제 3회 오락관,day2
쟈근행복,쟈근행복,E14b,1sp,로드 오브 히어로즈 (로오히),,,"자이라, 조슈아, 슈나이더 논커플",,해당없음,,만화,https://dongne.co/event/game03/circles/150139,제 3회 오락관,day2
저산소증,유보라,E11a,1sp,앙상블스타즈,로드오브히어로즈,,"사쿠마레이, 하카제카오루",레이X카오루,섹슈얼,"라샤다닐, 치아이즈",소설,https://dongne.co/event/game03/circles/117082,제 3회 오락관,day2
저지 하실 분?,뭉,E21b,1sp,저지먼트 시리즈,,,야가미,야가미 타카유키X스기우라 후미야,로맨틱,,만화,https://dongne.co/event/game03/circles/144508,제 3회 오락관,day2
전국포터연합,닉네임방랑자,A6,2sp,데스 스트랜딩,,,"샘 포터 브리짓스, 힉스, 클리포드 엉거, 프레자일, 아멜리",트레버X마이클,"로맨틱,섹슈얼","힉스샘, 클리샘, 프레샘, 아멜샘, 샘른","만화,소설",https://dongne.co/event/game03/circles/106957,제 3회 오락관,day2
전수량 선입금 예약판매,Era,C10a,1sp,파이어 엠블렘 풍화설월,,,"페르디난트, 휴베르트",페르디난트X휴베르트,"섹슈얼,로맨틱",벨레트x펠릭스,소설,https://dongne.co/event/game03/circles/143943,제 3회 오락관,day2
접기 전까진 망겜,kez,E7b,1sp,영원한 7일의 도시,로드 오브 히어로즈,,"여지휘사, 안화, 유우토, 이스카리오, 이자크 등",신기사X지휘사(여),"로맨틱,섹슈얼",로드로드,소설,https://dongne.co/event/game03/circles/107224,제 3회 오락관,day2
제1회샬레이안동인연구회,호루,E23,2sp,파이널판타지14,,,그라하 티아/수정공,,"섹슈얼,로맨틱",,"만화,일러스트",https://dongne.co/event/game03/circles/147797,제 3회 오락관,day2
제가 내면 얘도 낸대요,히에,F3,2sp,뉴 단간론파 V3,파이널 판타지 14,,,아마미 란타로X사이하라 슈이치,,빛전라하,소설,https://dongne.co/event/game03/circles/147968,제 3회 오락관,day2
제국게이와 왕국게이 나오는 부스,두릅,C18,2sp,파이어 엠블렘 풍화설월,,,페르디난트,휴베르트X페르디난트,로맨틱,실뱅x펠릭스,게임,https://dongne.co/event/game03/circles/104285,제 3회 오락관,day2
조류둥지,두루미,D12b,1sp,포켓몬,,,금랑,,"로맨틱,섹슈얼",,소설,https://dongne.co/event/game03/circles/140664,제 3회 오락관,day2
주인공이 아무리 콩나물이여도 밥은 챙겨먹이고 싶어!,쿼티,C22b,1sp,세포신곡,,,아토 하루키,,해당없음,,만화,https://dongne.co/event/game03/circles/143212,제 3회 오락관,day2
중앙시장,완규,D1a,1sp,마법사의 약속,,,"카인,오웬",카인X오웬,로맨틱,,만화,https://dongne.co/event/game03/circles/143975,제 3회 오락관,day2
쥑쥑이 괴도단,Pinut,C14b,1sp,페르소나 시리즈,포켓몬,,마음의 괴도단,아마미야 렌X사카모토 류지,"해당없음,로맨틱",,"일러스트,기타",https://dongne.co/event/game03/circles/143250,제 3회 오락관,day2
직박구리,철수,A24,2sp,원신,,,케다탈종,케이아X다이루크,"로맨틱,섹슈얼",타르종려,소설,https://dongne.co/event/game03/circles/110747,제 3회 오락관,day2
직선 도로 있음,L0BELLY,B24,2sp,노 스트레이트 로드 (NSR),,,NSR 캐릭터 전반,네온 제이XDJ 서브아토믹 슈퍼노바,"로맨틱,해당없음",,"일러스트,기타",https://dongne.co/event/game03/circles/143617,제 3회 오락관,day2
짱짱부스,농부,D23b,1sp,소닉 더 헤지혹,,,"소닉, 섀도우",,,,만화,https://dongne.co/event/game03/circles/143752,제 3회 오락관,day2
철아령넣었습니다,만수,A2,2sp,그랑블루판타지 ,페이트그랜드오더,,그레이스 아그로발 지크프리트,아그로발X지크프리트,해당없음,,"만화,소설",https://dongne.co/event/game03/circles/107065,제 3회 오락관,day2
체리창고,아세롤라,F21a,1sp,베리드 스타즈,파이널 판타지,,한도윤,이규혁X한도윤,"로맨틱,섹슈얼",,소설,https://dongne.co/event/game03/circles/110806,제 3회 오락관,day2
칠흑색으로 진하게 칠해진 내 인생,하뭇,E22,2sp,파이널판타지14,,,"야만신 중심, 올캐러",,,,,https://dongne.co/event/game03/circles/107562,제 3회 오락관,day2
코너의 숲,Ya2der,B20,2sp,디트로이트 비컴 휴먼,,,코너,행크X코너,"로맨틱,섹슈얼",코너른,"만화,일러스트",https://dongne.co/event/game03/circles/108743,제 3회 오락관,day2
코발트블루,blue,F8,2sp,원신 앙스타,앙스타,,올캐러,,해당없음,,,https://dongne.co/event/game03/circles/110954,제 3회 오락관,day2
코스모가느껴져,애두,F18,2sp,닌텐도,"젤다,데레마스,괴혼",,,,,,"만화,일러스트",https://dongne.co/event/game03/circles/105257,제 3회 오락관,day2
택냥 오브 히어로즈 ,댕댕,F1a,1sp,러브 앤 프로듀서,로드 오브 히어로즈/쿠키런,,이볼즈,,로맨틱,,"만화,일러스트",https://dongne.co/event/game03/circles/107413,제 3회 오락관,day2
튀김장인 시도우,로푸닝,D6a,1sp,록맨,,,록맨,,,,,https://dongne.co/event/game03/circles/144192,제 3회 오락관,day2
티바트 객잔,행인,A1a,1sp,원신,포켓몬스터,,,,,,,https://dongne.co/event/game03/circles/106595,제 3회 오락관,day2
파블로프의 도기,7H,A17b,1sp,버디미션 BOND,,버디버디 ~사람과 사람을 잇는 본드~ 2회,루크 윌리엄스,체슬리X루크,로맨틱,아론루크,소설,https://dongne.co/event/game03/circles/143830,제 3회 오락관,day2
폭포 공포증,너드,C1,2sp,페이트 그랜드 오더,파이널판타지14,,"신주쿠의 아처, 셜록홈즈(FGO)",신주쿠의 아쳐X셜록홈즈 (FGO),해당없음,,만화,https://dongne.co/event/game03/circles/104343,제 3회 오락관,day2
풍세카,꼰,C16b,1sp,프로젝트 세카이,파이어 엠블렘 풍화설월,,,,,,만화,https://dongne.co/event/game03/circles/143517,제 3회 오락관,day2
퓨어 앤 이노센트,엘리조,F17b,1sp,애프터라이프,,,"기이, 에단",,,,만화,https://dongne.co/event/game03/circles/105089,제 3회 오락관,day2
프리스트라이커의 3스킬,서소현,F9,2sp,로드 오브 히어로즈(LOH),,,,,해당없음,,"공예,일러스트",https://dongne.co/event/game03/circles/120824,제 3회 오락관,day2
피자파티비,청년피자,B5a,1sp,에리오스 라이징 히어로즈,,,,,,,만화,https://dongne.co/event/game03/circles/148565,제 3회 오락관,day2
하루우유 한 잔 ,이른새벽,B11,2sp,블랙서바이벌,이터널 리턴,,,,,,소설,https://dongne.co/event/game03/circles/144965,제 3회 오락관,day2
해달샵,해달,F14,2sp,"쿠킹덤, 쿠키런, 앙스타","사이퍼즈, 로드 오브 히어로즈 등",,,,,,,https://dongne.co/event/game03/circles/107850,제 3회 오락관,day2
햇살이 강해졌다!,룬츠,A18b,1sp,KOF (더 킹 오브 파이터즈),"포켓몬스터, Ib",,,,해당없음,,소설,https://dongne.co/event/game03/circles/106460,제 3회 오락관,day2
헨랴야<<호>>,eyahaha11,E3,2sp,파판14,앙스타!!,,수정공 뉴라하 마다라 코하쿠 ,,,,일러스트,https://dongne.co/event/game03/circles/149736,제 3회 오락관,day2
"형사님, 여기서 주무시면 입 돌아가요",Lemon,B21a,1sp,디트로이트 비컴 휴먼,,,"개빈 리드, RK900",RK900X개빈,섹슈얼,행크코너,소설,https://dongne.co/event/game03/circles/106969,제 3회 오락관,day2
흥분금지,오이,D5,2sp,마법사의 약속,,,,브래들리X네로,"로맨틱,해당없음","원주종, 동주종, 미스루틸, 인연조",만화,https://dongne.co/event/game03/circles/148086,제 3회 오락관,day2
희망아저씨네 티끌은행,반바지맨,B1a,1sp,데스티니 가디언즈,,,"방랑자, 신 말퍼르, 수호자",,"로맨틱,섹슈얼",,"만화,소설,기타",https://dongne.co/event/game03/circles/144887,제 3회 오락관,day2
히히코마워요,아즈,F2b,1sp,단간론파,,,코마에다,히나타X코마에다,"섹슈얼,로맨틱",,만화,https://dongne.co/event/game03/circles/110631,제 3회 오락관,day2
 저쩔앙상블스퀘어,토기,J12a,1sp,앙상블스타즈,,,"텐쇼인 에이치, 후시미 유즈루",텐쇼인 에이치X후시미 유즈루,"로맨틱,섹슈얼",레이카오,소설,https://dongne.co/event/vidol04/circles/143888,제 4회 어나더 스테이지,day2
(주) 아이나나 유성애 위원회,YOU,H9,2sp,아이돌리쉬 세븐,,,,이즈미 이오리X나나세 리쿠,로맨틱,"야마토x소고, 나기x미츠키, 토라오x미나미",소설,https://dongne.co/event/vidol04/circles/107287,제 4회 어나더 스테이지,day2
*Starry Galaxy*,"히재, 쉐릴",L14,2sp,데못죽,,,"이세진, 박문대, 차유진, 김래빈",이세진X박문대,"로맨틱,섹슈얼","큰세문대, 유진래빈","소설,만화,일러스트",https://dongne.co/event/vidol04/circles/149388,제 4회 어나더 스테이지,day2
... 입니다,레크레카,G4a,1sp,show by rock,,,,쿠스카X리카오,"로맨틱,섹슈얼",,"소설,공예",https://dongne.co/event/vidol04/circles/144607,제 4회 어나더 스테이지,day2
...의 외거노비,"신, 머트",K19,2sp,데뷔 못하면 죽는 병 걸림,,,올캐릭터,,해당없음,,"소설,일러스트",https://dongne.co/event/vidol04/circles/105668,제 4회 어나더 스테이지,day2
180년 전통 정의와 마법의 빨간맛,릴리아,J19b,1sp,앙상블 스타즈!!,,,"안즈,유성대",,로맨틱,드림,일러스트,https://dongne.co/event/vidol04/circles/108311,제 4회 어나더 스테이지,day2
2022 상반기 공로상,"공로, 팔로마",K20,2sp,데뷔 못 하면 죽는 병,,,박문대,이세진X박문대,로맨틱,논커플링,소설,https://dongne.co/event/vidol04/circles/148789,제 4회 어나더 스테이지,day2
4825%,Sapphire,G5,2sp,,,,,,,,,https://dongne.co/event/vidol04/circles/145009,제 4회 어나더 스테이지,day2
5111122321,니타,H8,2sp,아이돌리쉬 세븐,,,"요츠바 타마키, 오오사카 소고",요츠바 타마키X오오사카 소고,섹슈얼,,"만화,소설",https://dongne.co/event/vidol04/circles/107671,제 4회 어나더 스테이지,day2
888정육점,08,H19,2sp,앙상블스타즈,,,오토가리 아도니스,오오가미 코가X오토가리 아도니스,"로맨틱,섹슈얼",,"만화,일러스트",https://dongne.co/event/vidol04/circles/105616,제 4회 어나더 스테이지,day2
:: IT SHOW TIME ::,설탕,J16a,1sp,앙상블스타즈,데뷔못하면죽는병,,언데드 나이츠,사쿠마레이X아멜 드림주,로맨틱,,"만화,일러스트",https://dongne.co/event/vidol04/circles/144060,제 4회 어나더 스테이지,day2
A3 부스내는 견과류,아몬드,H6b,1sp,A3!,,,"올캐릭, 여름조",,,,소설,https://dongne.co/event/vidol04/circles/103875,제 4회 어나더 스테이지,day2
AmericanoSoda,양어,J20,2sp,앙상블 스타즈,아이돌 마스터,,,,,,,https://dongne.co/event/vidol04/circles/106579,제 4회 어나더 스테이지,day2
BLOSSOM,로테,H24,2sp,앙상블 스타즈!!,,,"Crazy:B, 카제하야 타츠키, HiMERU, 시이나 니키, 아마기 린네",카제하야 타츠미XHiMERU,"로맨틱,섹슈얼",시이나 니키x아마기 린네,"소설,일러스트,만화",https://dongne.co/event/vidol04/circles/149460,제 4회 어나더 스테이지,day2
BN,BN,K13,2sp,데못죽 앙상블스타즈,앙상블스타즈,,올캐러,,,,,https://dongne.co/event/vidol04/circles/147460,제 4회 어나더 스테이지,day2
CRAYON BOX,크레용,H7,2sp,아이돌리쉬 세븐,,,"야오토메 가쿠, 쿠죠 텐, 츠나시 류노스케",야오토메 가쿠X쿠죠 텐,섹슈얼,"류텐, 토리피",만화,https://dongne.co/event/vidol04/circles/107765,제 4회 어나더 스테이지,day2
darus♡up,악티,H5a,1sp,앙상블 스타즈,,,,아오바 츠무기X사카사키 나츠메,"로맨틱,섹슈얼",,"만화,일러스트",https://dongne.co/event/vidol04/circles/145838,제 4회 어나더 스테이지,day2
Dessert party,티니푸딩,G21,2sp,BanG Dream!,,,츠루마키 코코로,오쿠사와 미사키 X츠루마키 코코로,로맨틱,히카와 사요 x 이마이 리사,만화,https://dongne.co/event/vidol04/circles/105164,제 4회 어나더 스테이지,day2
Dry Flower,iple,G6a,1sp,앙상블 스타즈!!,,,,,,,소설,https://dongne.co/event/vidol04/circles/109495,제 4회 어나더 스테이지,day2
ES에서 피렌체까지,모어,J4b,1sp,앙상블 스타즈!!,,,,세나 이즈미X스오우 츠카사,"로맨틱,섹슈얼",,소설,https://dongne.co/event/vidol04/circles/144808,제 4회 어나더 스테이지,day2
fortissimo,우쨔,I12,2sp,앙상블 스타즈!!,,,"츠키나가 레오, 세나 이즈미",츠키나가 레오X세나 이즈미,"섹슈얼,로맨틱",,만화,https://dongne.co/event/vidol04/circles/141897,제 4회 어나더 스테이지,day2
Happy kids,심서,J21a,1sp,앙상블스타즈!!,,,유메노사키 2학년 A반,X,로맨틱,,"만화,기타",https://dongne.co/event/vidol04/circles/141576,제 4회 어나더 스테이지,day2
MGR,jz,L2,2sp,데뷔 못 하면 죽는 병 걸림,,,올캐릭터,,로맨틱,"청려문대, 큰세배세, 유진래빈","일러스트,만화",https://dongne.co/event/vidol04/circles/150033,제 4회 어나더 스테이지,day2
Midnight Blue,"세르웬, 스잇",K21,2sp,프로젝트 세카이,,,,,,"츠카에무, 아키코하, 25시 나이트코드에서(논컾 올캐러)","만화,일러스트,소설",https://dongne.co/event/vidol04/circles/148915,제 4회 어나더 스테이지,day2
mix nuts!,Nenjyu,H23b,1sp,앙스타,,,,,,,,https://dongne.co/event/vidol04/circles/108565,제 4회 어나더 스테이지,day2
Mr. Perfection2,따깨,H17b,1sp,아이돌리쉬세븐,앙상블스타즈,,"이즈미 이오리, 나나세 리쿠",이즈미 이오리X나나세 리쿠,"섹슈얼,로맨틱","토마리쿠, 히요쥰",,https://dongne.co/event/vidol04/circles/106722,제 4회 어나더 스테이지,day2
Mr.Perfection,"따깨, 줏시",H17a,1sp,아이돌리쉬 세븐,앙스타,,"이즈미 이오리, 나나세 리쿠",이즈미 이오리X나나세 리쿠,"로맨틱,섹슈얼","텐리쿠, 토마리쿠, 히요쥰","소설,일러스트",https://dongne.co/event/vidol04/circles/106711,제 4회 어나더 스테이지,day2
NEVERLAND,데스앙크,I3,2sp,앙스타,,,"이츠키 슈, 카게히라 미카",,"섹슈얼,로맨틱",,만화,https://dongne.co/event/vidol04/circles/105226,제 4회 어나더 스테이지,day2
NEVERLAND,데스앙크,I2,2sp,앙상블 스타즈,,,"카게히라 미카, 이츠키 슈",카게히라 미카X이츠키 슈,"로맨틱,섹슈얼",,만화,https://dongne.co/event/vidol04/circles/142268,제 4회 어나더 스테이지,day2
PIPO 샌드위치 ,달구,J7b,1sp,앙상블 스타즈,,웨딩플랜 A to Z,"타카미네 미도리, 모리사와 치아키",타카미네 미도리X모리사와 치아키 ,"로맨틱,섹슈얼",,소설,https://dongne.co/event/vidol04/circles/142328,제 4회 어나더 스테이지,day2
Platina Comet,트리아논,H22,2sp,앙상블스타즈,,,유우키 마코토,,섹슈얼,트릭스타 넷이 사귐~~~,"만화,일러스트",https://dongne.co/event/vidol04/circles/104573,제 4회 어나더 스테이지,day2
Pleistocene,알세닉,I23a,1sp,앙상블스타즈,,,"타카미네 미도리, 모리사와 치아키",,로맨틱,,소설,https://dongne.co/event/vidol04/circles/117735,제 4회 어나더 스테이지,day2
Rose Salad,MERE,H5b,1sp,앙상블 스타즈,,,,,해당없음,,"만화,일러스트",https://dongne.co/event/vidol04/circles/141161,제 4회 어나더 스테이지,day2
Royal Blue,MayChain,J5b,1sp,앙상블스타즈,,,"사쿠마 리츠, 이사라 마오",사쿠마 리츠X이사라 마오,"로맨틱,섹슈얼",,만화,https://dongne.co/event/vidol04/circles/143812,제 4회 어나더 스테이지,day2
SNBR,시나브로,J1b,1sp,앙상블스타즈!!,,,"아마기 히이로, 시라토리 아이라, 오우카와 코하쿠",아마기 히이로X시라토리 아이라,로맨틱,코하아이,만화,https://dongne.co/event/vidol04/circles/107895,제 4회 어나더 스테이지,day2
Swim the butterfly,버플,I13a,1sp,앙상블스타즈,,,"츠키나가 레오, 세나 이즈미",,"로맨틱,섹슈얼",,만화,https://dongne.co/event/vidol04/circles/141806,제 4회 어나더 스테이지,day2
Violet Fantasia,사현,K4b,1sp,아이돌 마스터 신데렐라 걸즈,,,"칸자키 란코, 니노미야 아스카, 호죠 카렌, 닛타 미나미",칸자키 란코X니노미야 아스카,해당없음,"칸자키 란코&니노미야 아스카, 호죠 카렌&타케우치P",소설,https://dongne.co/event/vidol04/circles/109403,제 4회 어나더 스테이지,day2
win-win을 위한 전략적 협력 관계 제안,코코아,G3a,1sp,SHOW BY ROCK!!,,,"리카오, 쿠스카, yokazenohorizon",쿠스카X리카오,로맨틱,,일러스트,https://dongne.co/event/vidol04/circles/143708,제 4회 어나더 스테이지,day2
Yuletide,티스,I1a,1sp,앙상블 스타즈!!,,,"이츠키슈, 텐쇼인에이치, 카게히라미카, HiMERU, 카제하야 타츠미",미카X슈,"로맨틱,섹슈얼,해당없음",히메타츠,소설,https://dongne.co/event/vidol04/circles/141833,제 4회 어나더 스테이지,day2
가보자고 외치다가 마감에 물려간 부스,하현,L19a,1sp,데뷔 못하면 죽는 병 걸림(데못죽),,,박문대,X박문대,로맨틱,"배세문대, 아현문대, 유진문대, 청려문대, 청우문대, 큰세문대, 래빈문대","만화,소설,일러스트",https://dongne.co/event/vidol04/circles/145203,제 4회 어나더 스테이지,day2
가보자고~,꾸물,L21,2sp,데뷔못하면 죽는 병 걸림,,,박문대,선아현X박문대,로맨틱,,만화,https://dongne.co/event/vidol04/circles/143354,제 4회 어나더 스테이지,day2
가상아이돌운동회,꾸룩,J17b,1sp,데뷔 못하면 죽는 병 걸림,,,"신청려, 박문대, 이세진, 배세진, 그외",이세진X배세진,섹슈얼,,"소설,일러스트",https://dongne.co/event/vidol04/circles/145270,제 4회 어나더 스테이지,day2
가오네 김치찌개,신가오,M23,2sp,데뷔 못 하면 죽는 병 걸림,,실낙원,"청려, 박문대, 류건우",청려X박문대,"섹슈얼,로맨틱",청려건우,"만화,소설,일러스트",https://dongne.co/event/vidol04/circles/142918,제 4회 어나더 스테이지,day2
감자튀김을 주문하면 피자가 따라와요,치토,J9,2sp,앙상블스타즈,,웨딩플랜 A to Z,"타카미네 미도리, 모리사와 치아키",타카미네 미도리X모리사와 치아키,,,소설,https://dongne.co/event/vidol04/circles/141521,제 4회 어나더 스테이지,day2
감튀를 간장에 찍어드셔보세요,Note,I21a,1sp,앙상블스타즈,,,카나타 치아키,,,,소설,https://dongne.co/event/vidol04/circles/149597,제 4회 어나더 스테이지,day2
갓컾만 있는 부스,"루우, 나자",I24,2sp,앙상블 스타즈,,,"츠카사, 레오",스오우 츠카사X츠키나가 레오,"로맨틱,섹슈얼",,"소설,만화",https://dongne.co/event/vidol04/circles/107360,제 4회 어나더 스테이지,day2
공이 귀여워야 나라가 산다,momo,I18,2sp,앙상블 스타즈!!,,,"시이나 니키, 아마기 린네, 아마기 히이로",시이나 니키 or 아마기 히이로X아마기 린네,,,만화,https://dongne.co/event/vidol04/circles/143349,제 4회 어나더 스테이지,day2
구름이뭉게뭉게,choco8342,M19,2sp,데못죽,,실낙원,문대,,"섹슈얼,로맨틱",,"만화,일러스트,기타",https://dongne.co/event/vidol04/circles/143281,제 4회 어나더 스테이지,day2
군주님은 언제나 옳은쪽,POPRIKA,I7,2sp,앙상블스타즈,,,아마기린네,니키X린네,,미도치아,"만화,소설",https://dongne.co/event/vidol04/circles/144342,제 4회 어나더 스테이지,day2
군주님이 오른쪽에 묶여있음,뀨,I9a,1sp,앙상블 스타즈,,,아마기 린네,시이나 니키X아마기 린네,"로맨틱,섹슈얼",아미기 히이로X아마기 린네,소설,https://dongne.co/event/vidol04/circles/148330,제 4회 어나더 스테이지,day2
그 코끼리 나팔은 과연 어디에 달린걸까?,미식가,M6a,1sp,데뷔 못하면 죽는 병 걸림,앙상블 스타즈,실낙원,신재현 박문대 류건우,신재현X박문대,"섹슈얼,로맨틱",레이리츠,소설,https://dongne.co/event/vidol04/circles/145070,제 4회 어나더 스테이지,day2
그렇게 됐다 - 배세진 악개,라미아,L10,2sp,데뷔 못하면 죽는 병 걸림,"오프 스테이지, 유성의 궤도, 모노크롬 루머 등...",,배세진,,섹슈얼,"배세른, 레메게톤 찬션 등...(마이너...)","소설,일러스트",https://dongne.co/event/vidol04/circles/149873,제 4회 어나더 스테이지,day2
그루밍: 고양이와 토끼의 서열 확인 방법 (운영부스),동인 네트워크,,2sp,,,그루밍: 고양이와 토끼의 서열 확인 방법,,,,,,https://dongne.co/event/vidol04/circles/170569,제 4회 어나더 스테이지,day2
그쪽동인이미지근한거겠죠,감티,I13b,1sp,앙상블스타즈,,,"텐쇼인 에이치, 히비키 와타루",,로맨틱,,일러스트,https://dongne.co/event/vidol04/circles/148899,제 4회 어나더 스테이지,day2
근성건강원,Gk,G2b,1sp,SHOW BY ROCK!,,,"도콘조핑거 / 소준 , 핫친 , 죠 , 야스",소준X핫친,,죠X야스,"만화,일러스트",https://dongne.co/event/vidol04/circles/144296,제 4회 어나더 스테이지,day2
기린댁....,기린,J6a,1sp,앙상블스타즈 리츠마오,,,"사쿠마 리츠, 이사라 마오",사쿠마 리츠X이사라 마오,로맨틱,,소설,https://dongne.co/event/vidol04/circles/120825,제 4회 어나더 스테이지,day2
나이 여든에 찾은 내 가수님,돌도리스,K5b,1sp,아이돌 마스터 side M,앙상블스타즈!!,,아쿠노 히데오,프로듀서X아쿠노 히데오,섹슈얼,아마기 히이로x카제하야 타츠미,"만화,기타",https://dongne.co/event/vidol04/circles/103792,제 4회 어나더 스테이지,day2
나이츠로 가보자고!,NEOSIO,H20a,1sp,앙상블스타즈,,,나이츠+언데드,,,,"만화,기타",https://dongne.co/event/vidol04/circles/144229,제 4회 어나더 스테이지,day2
나쵸치즈,나즈,H21a,1sp,앙상블 스타즈,,,"아마기 린네, HiMERU",아마기 린네XHiMERU,로맨틱,,만화,https://dongne.co/event/vidol04/circles/146562,제 4회 어나더 스테이지,day2
난 나를 믿어!,멋타쿠,H1a,1sp,앙상블스타즈!!,,,,,,,"만화,소설",https://dongne.co/event/vidol04/circles/141391,제 4회 어나더 스테이지,day2
낡고지친,"밤, 랍",H18b,1sp,앙상블 스타즈,데뷔 못하면 죽는 병에 걸림,,"니토나즈나,키류쿠로,이츠키슈,문대,아현",키류쿠로X이츠키슈,"로맨틱,섹슈얼",문대아현,"만화,일러스트,기타",https://dongne.co/event/vidol04/circles/104643,제 4회 어나더 스테이지,day2
내가 뭐라고 엋문 사이를 존X 갈라놔.,오늘의 연,M3b,1sp,데뷔 못 하면 죽는 병 걸림,,실낙원,"테스타, 브이틱",청려X문대,로맨틱,,"공예,일러스트",https://dongne.co/event/vidol04/circles/149556,제 4회 어나더 스테이지,day2
너네가 선후배 사이면 난 뭐가 되니,NU,M5b,1sp,데뷔못하면죽는병걸림,,실낙원,"청려, 박문대",,"섹슈얼,로맨틱",,"만화,일러스트,소설",https://dongne.co/event/vidol04/circles/143606,제 4회 어나더 스테이지,day2
너무급해서부스명도생각안하고냅따지르는사람,팅,M8b,1sp,데뷔 못하면 죽는 병 걸림,,실낙원,청려,청려X문대,,,"일러스트,기타",https://dongne.co/event/vidol04/circles/143528,제 4회 어나더 스테이지,day2
네..제가테스타의일반인팬이맞습니다,자퇴봇,K11,2sp,,,,"선아현, 박문대, 청려",,"로맨틱,섹슈얼",,일러스트,https://dongne.co/event/vidol04/circles/120939,제 4회 어나더 스테이지,day2
네이비드,이코즈,I14,2sp,앙상블스타즈!!,,,"츠키나가 레오, 세나 이즈미",,로맨틱,,만화,https://dongne.co/event/vidol04/circles/144086,제 4회 어나더 스테이지,day2
네코마마,"레이카,마키시,시에",L4,2sp,데뷔 못하면 죽는 병 걸림,,,테스타,,,"테스타, 청려, 논커플링",,https://dongne.co/event/vidol04/circles/142792,제 4회 어나더 스테이지,day2
놀그있네,놀그,J2b,1sp,앙스타 앙상블 스타즈,,,카제하야 타츠미,HiMERUX카제하야 타츠미,"로맨틱,섹슈얼",리츠하지리츠 모브타츠,"만화,일러스트",https://dongne.co/event/vidol04/circles/109588,제 4회 어나더 스테이지,day2
농업회사법인 주식회사 눈복숭아 제작소,만델링,H13,2sp,아이돌리쉬 세븐,,,"유키, 모모",유키X모모,"로맨틱,섹슈얼",,,https://dongne.co/event/vidol04/circles/107410,제 4회 어나더 스테이지,day2
눈꽃빙수 복숭아맛 1100그릇 주세요,유타페,H11,2sp,아이돌리쉬세븐,아이나나,,,,"로맨틱,섹슈얼",,"소설,만화",https://dongne.co/event/vidol04/circles/103914,제 4회 어나더 스테이지,day2
눈복숭아가 커피내리고 호랑뱀이 빵구워요,모람,H10,2sp,아이돌리쉬세븐,,,"유키, 모모",유키X모모,로맨틱,미도 토라오 x 나츠메 미나미,소설,https://dongne.co/event/vidol04/circles/142234,제 4회 어나더 스테이지,day2
다다두다,다다두다,K9,2sp,데뷔 못하면 죽는 병 걸림 (데못죽),앙상블 스타즈 뮤직 (앙스타/앙뮤직),,,,,,,https://dongne.co/event/vidol04/circles/149645,제 4회 어나더 스테이지,day2
다이아한상자,다야,I16,2sp,앙상블스타즈,,,카게히라미카 카제하야타츠미 히메루,,로맨틱,타츠미x히메루,만화,https://dongne.co/event/vidol04/circles/104736,제 4회 어나더 스테이지,day2
달링의 특제 허니라떼,로파,H4b,1sp,츠키프로,앙스타,,"타카무라 시키, 오쿠이 츠바사",,로맨틱,레이카오,소설,https://dongne.co/event/vidol04/circles/108549,제 4회 어나더 스테이지,day2
대재앙 로맨스,"쌈, 곰찌",K16,2sp,데뷔 못 하면 죽는 병 걸림,,세진이네 아이돌 남자친구,"이세진, 배세진",이세진X배세진,"로맨틱,섹슈얼",큰세배세,"소설,만화",https://dongne.co/event/vidol04/circles/142982,제 4회 어나더 스테이지,day2
댕댕이 행복추구협회,알레사,M8a,1sp,데뷔 못 하면 죽는 병 걸림,,실낙원,"박문대, 청려, 류건우",청려X문대,로맨틱,청려건우,소설,https://dongne.co/event/vidol04/circles/142441,제 4회 어나더 스테이지,day2
데한민국 입국심사중,최노이,M4,2sp,데뷔 못하면 죽는 병에 걸림,,실낙원,,,로맨틱,,소설,https://dongne.co/event/vidol04/circles/149995,제 4회 어나더 스테이지,day2
도토리카페,riri,I19b,1sp,앙상블스타즈,,,나루카미아라시,,,,"만화,일러스트",https://dongne.co/event/vidol04/circles/144269,제 4회 어나더 스테이지,day2
동인 실직의 현 주소,미꼬,J6b,1sp,앙상블 스타즈!!,,,"사쿠마 리츠, 이사라 마오",사쿠마 리츠X이사라 마오,로맨틱,,소설,https://dongne.co/event/vidol04/circles/144875,제 4회 어나더 스테이지,day2
뚜뚠따라,댁수,L1a,1sp,데뷔 못 하면 죽는 병 걸림 (데못죽),,,큰세문대 / 큰문,큰세X문대,,,"만화,일러스트",https://dongne.co/event/vidol04/circles/143431,제 4회 어나더 스테이지,day2
뚜벅초,장의사,L9a,1sp,데뷔 못 하면 죽는 병에 걸림,,,박문대,문대X청려,"로맨틱,섹슈얼",,만화,https://dongne.co/event/vidol04/circles/108655,제 4회 어나더 스테이지,day2
뛰어봤자 늦었어요,제파,L8b,1sp,데못죽,,,,,해당없음,,,https://dongne.co/event/vidol04/circles/144592,제 4회 어나더 스테이지,day2
띄어쓰기없이보낼게나또부스냈다,브리,G7a,4sp,앙상블 스타즈!,앙상블 스타즈!!,,안즈,X,"로맨틱,섹슈얼","카나안즈, 리츠안즈, 마오안즈, 에이안즈, 히요안즈쥰",소설,https://dongne.co/event/vidol04/circles/103694,제 4회 어나더 스테이지,day2
랸랸쩝쩝,랸랸,I1b,1sp,앙상블스타즈,,,,,,,"공예,기타",https://dongne.co/event/vidol04/circles/103569,제 4회 어나더 스테이지,day2
러뷰어셀프,근,L13,2sp,데뷔 못 하면 죽는 병 걸림,,,올 캐릭터,,해당없음,,일러스트,https://dongne.co/event/vidol04/circles/149487,제 4회 어나더 스테이지,day2
레오 군은 입만 움직여,온,I11,2sp,앙상블 스타즈!!,,,"츠키나가 레오, 세나 이즈미",츠키나가 레오X세나 이즈미,"섹슈얼,로맨틱",,"만화,일러스트",https://dongne.co/event/vidol04/circles/142727,제 4회 어나더 스테이지,day2
렌선 차돌박이 파티,"세렌, 신차돌",M7,2sp,데뷔 못 하면 죽는 병 걸림,,실낙원,"청려(신재현), 박문대",청려(신재현)X박문대,로맨틱,,소설,https://dongne.co/event/vidol04/circles/143251,제 4회 어나더 스테이지,day2
렬링,렬리,M18,2sp,데못죽(데뷔 못하면 죽는 병 걸림),,실낙원,"청려,문대",청려X문대,"로맨틱,섹슈얼",청려건우,"일러스트,공예,기타,소설",https://dongne.co/event/vidol04/circles/143397,제 4회 어나더 스테이지,day2
로맨틱?? 로맨틱?! 로맨틱!!,코코아,H18a,1sp,"아이나나, 아이돌리쉬세븐",,,"모모, 유키",모모유키,섹슈얼,,,https://dongne.co/event/vidol04/circles/108735,제 4회 어나더 스테이지,day2
류청우에게 미친 여자들,먕,L22,2sp,데뷔못하면 죽는병 걸림,,,"테스타, 류건우, 브이틱",청려X문대,"로맨틱,섹슈얼","청우×청려, 아현×문대, 문대×청우, 문대x아현, 븨틱페스, 청우른","만화,일러스트,소설",https://dongne.co/event/vidol04/circles/147432,제 4회 어나더 스테이지,day2
멍멍이즘,나루세,J15,2sp,앙상블 스타즈!!(앙스타),,,,사쿠마 레이X오오가미 코가,,,만화,https://dongne.co/event/vidol04/circles/105477,제 4회 어나더 스테이지,day2
메리미,메리,M21a,1sp,데뷔 못 하면 죽는 병 걸림,,실낙원,"청려, 문대",청려X문대,,,소설,https://dongne.co/event/vidol04/circles/142614,제 4회 어나더 스테이지,day2
몰또사와치아키 그만사와치아키,얀고,H23a,1sp,앙상블스타즈,,,"모리사와치아키, 유성대",,,,"일러스트,공예",https://dongne.co/event/vidol04/circles/142688,제 4회 어나더 스테이지,day2
문대볼따구 박박문대,유마,L20,2sp,데뷔 못 하면 죽는 병 걸림,,,,X박문대,,,"만화,일러스트",https://dongne.co/event/vidol04/circles/143327,제 4회 어나더 스테이지,day2
뭐라도 해볼부스,"세싹, 로렌",I4,2sp,앙상블스타즈!!,,,나이츠,,해당없음,레오이즈,일러스트,https://dongne.co/event/vidol04/circles/149138,제 4회 어나더 스테이지,day2
미도치아이번에결혼함기사뜸,69,J7a,1sp,앙상블 스타즈,,웨딩플랜 A to Z,"타카미네 미도리, 모리사와 치아키",,"로맨틱,섹슈얼",,만화,https://dongne.co/event/vidol04/circles/144560,제 4회 어나더 스테이지,day2
미지근한 동인,아모,J2a,1sp,앙상블 스타즈,,,츠키나가 레오,세나 이즈미X츠키나가 레오,"섹슈얼,로맨틱",,만화,https://dongne.co/event/vidol04/circles/107734,제 4회 어나더 스테이지,day2
민첩한 하루되세요^^,티피,L5,2sp,데뷔 못하면 죽는 병 걸림 ,,,"배세진, 박문대, 선아현, 이세진",,해당없음,,일러스트,https://dongne.co/event/vidol04/circles/148944,제 4회 어나더 스테이지,day2
바삭바삭사쿠마,곰쟝,J16b,1sp,앙스타,,,"사쿠마 레이, 사쿠마 리츠",,"섹슈얼,로맨틱",,"만화,일러스트",https://dongne.co/event/vidol04/circles/148423,제 4회 어나더 스테이지,day2
박문대둥기둥기,스댕,L23,2sp,데뷔 못하면 죽는 병 걸림,,,박문대,청려X문대,"로맨틱,섹슈얼",문대른,,https://dongne.co/event/vidol04/circles/143679,제 4회 어나더 스테이지,day2
박문대사랑해,루카팡,L24a,1sp,데뷔 못 하면 죽는 병에 걸림,전지적독자시점,,박문대른,,해당없음,박문대른,,https://dongne.co/event/vidol04/circles/142657,제 4회 어나더 스테이지,day2
박문대죽도록사랑해,김귤,L3b,1sp,데뷔못하면죽는병걸림,,,박문대,,섹슈얼,,만화,https://dongne.co/event/vidol04/circles/149420,제 4회 어나더 스테이지,day2
박카스F,물고기이이,I17a,1sp,앙상블스타즈,데못죽,,,,,,,https://dongne.co/event/vidol04/circles/104181,제 4회 어나더 스테이지,day2
반남우상학회,쉬흘라,K7,2sp,아이돌마스터,,,,,,,"만화,소설,기타",https://dongne.co/event/vidol04/circles/104494,제 4회 어나더 스테이지,day2
백수네 식탁,하윤,J5a,1sp,앙상블스타즈,,,,,"로맨틱,섹슈얼",리츠마오. 미카슈,"소설,만화",https://dongne.co/event/vidol04/circles/143768,제 4회 어나더 스테이지,day2
별가루,별빛,I9b,1sp,앙상블 스타즈 ,,,"시이나 니키, 아야세 마요이 ",시이나 니키X아야세 마요이 ,"로맨틱,섹슈얼","린히메, 카나카오",소설,https://dongne.co/event/vidol04/circles/141323,제 4회 어나더 스테이지,day2
병지먹방,할녀,J13a,1sp,앙상블스타즈!,,,사쿠마 레이,,,,"만화,일러스트",https://dongne.co/event/vidol04/circles/104110,제 4회 어나더 스테이지,day2
부스를 신청하면 뭐든 하지 않을까,sub,J13b,1sp,앙상블 스타즈!!(앙스타),,,하스미 케이토,사쿠마 레이X하스미 케이토,"섹슈얼,로맨틱",쿠로케이,소설,https://dongne.co/event/vidol04/circles/105443,제 4회 어나더 스테이지,day2
불꽃오뎅죽는병,우사링,I5,2sp,앙상블스타즈,데뷔 못하면 죽는 병,,"에덴, 유성대",,해당없음,,,https://dongne.co/event/vidol04/circles/144170,제 4회 어나더 스테이지,day2
불사조의 노래,아를카미유,G22,2sp,뱅드림,,,"Roselia, 미나토 유키나, 히카와 사요, 이마이 리사, 시로카네 린코, 우다가와 아코",미나토 유키나X이마이 리사,해당없음,,소설,https://dongne.co/event/vidol04/circles/105177,제 4회 어나더 스테이지,day2
붕어빵은 슈붕이지,슈붕,M17,2sp,데뷔 못하면 죽는 병 걸림,,실낙원,"박문대, 청려",청려X박문대,로맨틱,,만화,https://dongne.co/event/vidol04/circles/141914,제 4회 어나더 스테이지,day2
빠칭코에 계란후라이를 곁들인 부스,린치,H20b,1sp,앙상블 스타즈!!,,,"아마기 린네, 시이나 니키",아마기 린네X시이나 니키,"로맨틱,섹슈얼",,"만화,일러스트",https://dongne.co/event/vidol04/circles/144014,제 4회 어나더 스테이지,day2
뿌잉뿌잉과 모순,멍선생Q,L24b,1sp,데뷔 못하면 죽는 병 걸림,,,"박문대, 류청우, 선아현, 이세진, 배세진, 김래빈, 차유진",류청우X박문대,로맨틱,,"소설,공예",https://dongne.co/event/vidol04/circles/143398,제 4회 어나더 스테이지,day2
쁘띠뽀짝,뽀짝쿵야,L9b,1sp,데뷔 못 하면 죽는 병 걸림,,,박문대 류청우 배세진 이세진 선아현 김래빈 차유진 신재현,,,,"기타,일러스트",https://dongne.co/event/vidol04/circles/144226,제 4회 어나더 스테이지,day2
사 탕 조 아,프리티 파이브 부흥회,J21b,1sp,앙상블 스타즈!!,히프노시스 마이크,,"아야세 마요이, 프리티 파이브, 발키리, 유우키 마코토, 플링 포세",센고쿠 시노부X아야세 마요이,로맨틱,"슈미카, 마요이 오른쪽, 라무다 논컾, 레오이즈","소설,일러스트",https://dongne.co/event/vidol04/circles/106625,제 4회 어나더 스테이지,day2
사과메론쨈,쨈,L7b,1sp,데뷔 못하면 죽는 병 걸림,앙상블스타즈!!,,이세진,박문대X이세진,로맨틱,"청우큰세, 린히메",소설,https://dongne.co/event/vidol04/circles/143255,제 4회 어나더 스테이지,day2
사랑의 트랩카드,갈릭,J14,2sp,앙상블스타즈,,,,사쿠마 레이X오오가미 코가,,,만화,https://dongne.co/event/vidol04/circles/104226,제 4회 어나더 스테이지,day2
사랑하는 히어로들을 위하여,미야,J10b,1sp,앙상블 스타즈,,웨딩플랜 A to Z,"타카미네 미도리, 모리사와 치아키",타카미네 미도리X모리사와 치아키,로맨틱,,기타,https://dongne.co/event/vidol04/circles/145223,제 4회 어나더 스테이지,day2
사쿠마 친근 위원회,키쿠,J17a,1sp,앙스타(앙상블 스타즈!),,,"사쿠마 레이, 사쿠마 리츠, 레이리츠",사쿠마 레이X사쿠마 리츠,"섹슈얼,로맨틱",,소설,https://dongne.co/event/vidol04/circles/147417,제 4회 어나더 스테이지,day2
새벽의 끝,하얀,M3a,1sp,데뷔 못 하면 죽는 병 걸림,,실낙원,"청려, 박문대",청려X문대,로맨틱,,"소설,일러스트",https://dongne.co/event/vidol04/circles/145179,제 4회 어나더 스테이지,day2
생선구이,냐꾸루,I20b,1sp,앙상블 스타즈!,앙상블 스타즈!!,,"신카이 카나타, 모리사와 치아키",신카이 카나타X모리사와 치아키,로맨틱,,만화,https://dongne.co/event/vidol04/circles/103932,제 4회 어나더 스테이지,day2
서로의 스붙재를 바라는 앙창모임,프피,J22a,1sp,앙상블스타즈,,,"아마기 히이로, 아마기 린네",아마기 히이로X아마기 린네,로맨틱,코하마다,소설,https://dongne.co/event/vidol04/circles/107344,제 4회 어나더 스테이지,day2
세상에 나쁜 게이트키퍼는 없다:세나게,세나게(유짖),G4b,1sp,앙상블 스타즈,show by rock!!,,게이트키퍼,X게이트키퍼,섹슈얼,크로시안,"일러스트,기타,만화",https://dongne.co/event/vidol04/circles/142574,제 4회 어나더 스테이지,day2
세상에 마상에,재활치료,L8a,1sp,데못죽,,,박문대 선아현 이세진 배세진 류청우 류건우 차유진 김래빈 신청려,,해당없음,,일러스트,https://dongne.co/event/vidol04/circles/147441,제 4회 어나더 스테이지,day2
세진이네 아이돌 남자친구 (운영부스),동인 네트워크,K17,2sp,,,세진이네 아이돌 남자친구,,,,,,https://dongne.co/event/vidol04/circles/170563,제 4회 어나더 스테이지,day2
소라공방,소라님,K12,2sp,데못죽,앙스타,,,,,,공예,https://dongne.co/event/vidol04/circles/148109,제 4회 어나더 스테이지,day2
솔직히 카오치사 사귀는듯,커피,G23b,1sp,뱅드림,,,"세타 카오루, 시라사기 치사토",카오루X치사토,로맨틱,미사카논,만화,https://dongne.co/event/vidol04/circles/103669,제 4회 어나더 스테이지,day2
솜솜 옷장,솜솜,H3,2sp,앙상블 스타즈,,,,,,,공예,https://dongne.co/event/vidol04/circles/106574,제 4회 어나더 스테이지,day2
수몰지구,히스,I10,2sp,앙상블 스타즈!,,,"신카이 카나타, 하카제 카오루, 츠키나가 레오, 세나 이즈미, 해양생물부, 나이츠",신카이 카나타X하카제 카오루,"로맨틱,섹슈얼",레오이즈,"기타,일러스트,만화",https://dongne.co/event/vidol04/circles/107381,제 4회 어나더 스테이지,day2
수세미네,수세미,L3a,1sp,데뷔 못 하면 죽는 병 걸림,,,,,해당없음,,일러스트,https://dongne.co/event/vidol04/circles/108306,제 4회 어나더 스테이지,day2
슈퍼히어로망스,밍뿌,J8,2sp,앙상블스타즈!!,드리밍!,웨딩플랜 A to Z,모리사와 치아키,타카미네 미도리X모리사와 치아키,"섹슈얼,로맨틱",히이린,"만화,소설",https://dongne.co/event/vidol04/circles/107151,제 4회 어나더 스테이지,day2
신작이 아니면 죽음을!,강하,L6,2sp,데뷔못하면죽는병걸림,앙스타 등,,,,,,,https://dongne.co/event/vidol04/circles/145421,제 4회 어나더 스테이지,day2
신재현크레이지걸프렌드라고설득하는부스,패럿,I15a,1sp,데뷔 못하면 죽는 병 걸림,앙스타,,"신재현, 청려",,섹슈얼,청려른,소설,https://dongne.co/event/vidol04/circles/149994,제 4회 어나더 스테이지,day2
신탁받은 김치,신탁,M24,2sp,데뷔 못하면 죽는 병 걸림,,실낙원,,청려X문대,"로맨틱,섹슈얼",,"공예,일러스트,만화",https://dongne.co/event/vidol04/circles/143207,제 4회 어나더 스테이지,day2
실낙원 (운영부스),동인 네트워크,M15,2sp,,,실낙원,,,,,,https://dongne.co/event/vidol04/circles/170560,제 4회 어나더 스테이지,day2
아마테라스오오카미권 초라부이~!,냐슈,J22b,1sp,앙상블 스타즈!!,,,"아마기 히이로, 시라토리 아이라",아마기 히이로X시라토리 아이라,로맨틱,,"일러스트,기타",https://dongne.co/event/vidol04/circles/143498,제 4회 어나더 스테이지,day2
아무거나 먹고 있음,풍,I22b,1sp,앙상블스타즈,,,"오우카와 코하쿠, 미케지마 마다라, 스오우 츠카사, 츠키나가 레오",오우카와 코하쿠X미케지마 마다라,로맨틱,츠카레오,만화,https://dongne.co/event/vidol04/circles/108221,제 4회 어나더 스테이지,day2
아이도루,구구리,H15,2sp,아이돌리쉬 세븐,"데뷔 못 하면 죽는 병 걸림, 앙상블 스타즈",,,,,,"일러스트,기타",https://dongne.co/event/vidol04/circles/141403,제 4회 어나더 스테이지,day2
아이돌 Fan World,티진,L16,2sp,데못죽,,,테스타,,해당없음,"올 캐릭터, 테스타 브이틱","만화,일러스트,기타",https://dongne.co/event/vidol04/circles/144025,제 4회 어나더 스테이지,day2
아이마스 공장,비랑대겅,K2b,1sp,아이돌마스터,,,나카타니 이쿠,,해당없음,,만화,https://dongne.co/event/vidol04/circles/108477,제 4회 어나더 스테이지,day2
아이마스는이유없다,미리링,K3a,1sp,아이돌마스터 밀리언라이브,아이돌마스터 샤이니컬러즈,,,,,,일러스트,https://dongne.co/event/vidol04/circles/103588,제 4회 어나더 스테이지,day2
아현이의 뜨개공방,에베,L17,2sp,데뷔 못하면 죽는병 걸림,앙스타,,,,,,,https://dongne.co/event/vidol04/circles/149087,제 4회 어나더 스테이지,day2
앙상블회전문,"하가, 와",J3,2sp,앙상블 스타즈,,,크레이지비,시이나 니키X아마기 린네,"로맨틱,해당없음",히이린,"일러스트,기타",https://dongne.co/event/vidol04/circles/104954,제 4회 어나더 스테이지,day2
애플블로썸,소내,K10a,1sp,"데뷔 못하면 죽는 병 걸림, 데못죽",,,,,,,,https://dongne.co/event/vidol04/circles/144067,제 4회 어나더 스테이지,day2
어쩔앙상블스타즈,이래,J12b,1sp,앙상블 스타즈,,,"사쿠마리츠, 세나이즈미",리츠X이즈미,섹슈얼,레이카오,소설,https://dongne.co/event/vidol04/circles/143881,제 4회 어나더 스테이지,day2
어쩔큰배,"이재로, 해씨",K15,2sp,데뷔 못 하면 죽는 병 걸림,,세진이네 아이돌 남자친구,"이세진, 배세진",이세진X배세진,"로맨틱,섹슈얼",,"만화,일러스트,소설",https://dongne.co/event/vidol04/circles/147196,제 4회 어나더 스테이지,day2
엄마나아이돌좋아해,히스,M2,2sp,데뷔 못하면 죽는 병 걸림,,실낙원,박문대,,,문대른,"만화,소설",https://dongne.co/event/vidol04/circles/144306,제 4회 어나더 스테이지,day2
업보,레이지빈,M20,2sp,데뷔 못하면 죽는 병 걸림,,실낙원,"청려, 박문대",,"로맨틱,섹슈얼",,"만화,일러스트,소설,기타",https://dongne.co/event/vidol04/circles/143271,제 4회 어나더 스테이지,day2
엋려다 마주친 곰대,쮕,M9a,1sp,데뷔 못 하면 죽는 병 걸림,,실낙원,"청려,박문대",청려X문대,로맨틱,,만화,https://dongne.co/event/vidol04/circles/142576,제 4회 어나더 스테이지,day2
연어볶음,복듀직서,G23a,1sp,뱅드림! 걸즈 밴드 파티!,"아이돌 마스터 샤이니 컬러즈, 아이돌 마스터 신데렐라 걸즈",,"토야마 카스미, 이치가야 아리사, 토야마 아스카, 아사히 롯카, 히구치 마도카, 아사쿠라 토오루",토야마 카스미X이치가야 아리사,"로맨틱,섹슈얼","토야마 아스카×아사히 롯카, 히구치 마도카×아사쿠라 토오루/카스아리, 아스롯카, 마도토오마도","만화,일러스트",https://dongne.co/event/vidol04/circles/120874,제 4회 어나더 스테이지,day2
연하공 보호 협회,갓만,I17b,1sp,앙상블스타즈!!,,,"스오우 츠카사, 세나 이즈미",스오우 츠카사X세나 이즈미,로맨틱,,,https://dongne.co/event/vidol04/circles/144203,제 4회 어나더 스테이지,day2
옆방인데 조용히 좀 해주세요,"불불,타분",H16,2sp,아이돌리쉬세븐,,,"니카이도야마토,이즈미미츠키,요츠바타마키,오오사카소고",요츠바타마키X오오사카소고,로맨틱,야마미츠,만화,https://dongne.co/event/vidol04/circles/103999,제 4회 어나더 스테이지,day2
오 히어로는 쉽지 않아요!,다시마,J10a,1sp,앙상블 스타즈!!,,웨딩플랜 A to Z,"타카미네 미도리, 모리사와 치아키",타카미네 미도리X모리사와 치아키,로맨틱,,"만화,기타",https://dongne.co/event/vidol04/circles/144552,제 4회 어나더 스테이지,day2
"오늘 납신다 멩챠, 하신다",몽챠,M22,2sp,데뷔 못 하면 죽는 병 걸림,,실낙원,"청려, 신재현, 박문대, 류건우",청려X문대,로맨틱,,소설,https://dongne.co/event/vidol04/circles/142359,제 4회 어나더 스테이지,day2
오늘의 연애 전선,다지,M10,2sp,데뷔 못 하면 죽는 병 걸림,,실낙원,신재현,신재현X박문대,로맨틱,,"만화,일러스트,소설",https://dongne.co/event/vidol04/circles/143515,제 4회 어나더 스테이지,day2
온새미로,새미,L11a,1sp,데뷔 못 하면 죽는 병 걸림,,,,,로맨틱,,,https://dongne.co/event/vidol04/circles/144278,제 4회 어나더 스테이지,day2
와캇테 와칸나이,버섯볶음,K5a,1sp,아이돌마스터 sideM,아이돌마스터(타 시리즈),,카부토 다이고,카부토 다이고X미타라이 쇼타,"로맨틱,섹슈얼","p돌, 혹은 겐스자...혹은 모브돌..이 나올수도 안나올수도","만화,기타",https://dongne.co/event/vidol04/circles/149266,제 4회 어나더 스테이지,day2
우당탕탕 펑크 앙☆I7,날씨,G19,2sp,앙상블스타즈!!,아이돌리쉬 세븐,,"카게히라 미카, 이츠키 슈, 유키, 모모",카게히라 미카X이츠키 슈,섹슈얼,"유키모모, 반모모",소설,https://dongne.co/event/vidol04/circles/146953,제 4회 어나더 스테이지,day2
웨딩플랜 A to Z (운영부스),동인 네트워크,J18,2sp,,,웨딩플랜 A to Z,,,,,,https://dongne.co/event/vidol04/circles/170558,제 4회 어나더 스테이지,day2
유칼립투스 숲,류하,L18,2sp,데뷔 못 하면 죽는 병 걸림,,,,,,,,https://dongne.co/event/vidol04/circles/143314,제 4회 어나더 스테이지,day2
유칼립투투스,유칼립투스,L12,2sp,데못죽,,,,,,,"일러스트,기타",https://dongne.co/event/vidol04/circles/144131,제 4회 어나더 스테이지,day2
은하도서관,kyren,K24b,1sp,아이돌마스터 신데렐라 걸즈,백합,,하야미 카나데 & 사기사와 후미카,,"로맨틱,섹슈얼",카나후미,소설,https://dongne.co/event/vidol04/circles/105022,제 4회 어나더 스테이지,day2
이거 수정 되는거져?,bb,H21b,1sp,앙상블스타즈,,,아마기 린네,,섹슈얼,,"소설,만화",https://dongne.co/event/vidol04/circles/107192,제 4회 어나더 스테이지,day2
이름 잘 짓고 싶다,삥찌,L11b,1sp,데뷔못하면 죽는병걸림,,,,,,,,https://dongne.co/event/vidol04/circles/141493,제 4회 어나더 스테이지,day2
이정도로진심이될줄과거의저는몰랐죠,아메,K14a,1sp,데뷔 못하면 죽는 병 걸림,,,류청우,,"로맨틱,섹슈얼",,"소설,공예",https://dongne.co/event/vidol04/circles/143855,제 4회 어나더 스테이지,day2
인간의 빛나는 선동과 날조로!,물,L15b,1sp,데뷔 못 하면 죽는 병 걸림,,,"차유진, 김래빈",차유진X김래빈,,,,https://dongne.co/event/vidol04/circles/148621,제 4회 어나더 스테이지,day2
일단 사쿠마 레이가 나오는 부스,파스텔토끼,J11,2sp,앙상블스타즈!,,,사쿠마레이,사쿠마레이X하카제 카오루,"로맨틱,섹슈얼,해당없음",드림,"만화,일러스트,소설",https://dongne.co/event/vidol04/circles/108472,제 4회 어나더 스테이지,day2
일단부스잡고보자,우,G1,2sp,데뷔 못하면 죽는병에 걸림,천재 아이돌의 연예계 공략법,,박문대,,,,,https://dongne.co/event/vidol04/circles/147286,제 4회 어나더 스테이지,day2
일단은 뭔가가 나옴,리에,H1b,1sp,앙상블스타즈,,,,,,,,https://dongne.co/event/vidol04/circles/143449,제 4회 어나더 스테이지,day2
일해서 져버렸다,푸룽(furong_0),K24a,1sp,아이돌마스터 신데렐라 걸즈,,,후타바안즈,프로듀서X안즈,"로맨틱,섹슈얼",,"일러스트,만화",https://dongne.co/event/vidol04/circles/109641,제 4회 어나더 스테이지,day2
임시,"gram, ボン",K6,2sp,아이돌 마스터,"프로젝트 세카이, ",,"록 더 비트, 이그니션 제로, 뉴웨이브, 인디비주얼즈, 이치카와 히나나, 후쿠마루 코이토, 미야모토 프레데리카, 코마츠 이부키, 키자키 렌",키무라 나츠키X타다 리이나,해당없음,"난죠레이, 히나코이, 안코하, 에무네네, 마후카나","일러스트,기타",https://dongne.co/event/vidol04/circles/107770,제 4회 어나더 스테이지,day2
자몽공방,자몽공방,K8,2sp,데뷔 못하면 죽는 병 걸림(데못죽),앙상블 스타즈(앙스타),,,,,,"공예,조형,기타",https://dongne.co/event/vidol04/circles/144376,제 4회 어나더 스테이지,day2
잠은죽어서자는것이다,청가,L7a,1sp,데뷔 못하면 죽는 병 걸림 ,앙상블스타즈,,,,,,,https://dongne.co/event/vidol04/circles/148746,제 4회 어나더 스테이지,day2
잡식 스타즈,잔삼,I15b,1sp,앙상블 스타즈!!,,,"스오우 츠카사, 츠키나가 레오",,로맨틱,미정,"만화,일러스트",https://dongne.co/event/vidol04/circles/148596,제 4회 어나더 스테이지,day2
장르가 individuals,사날,K22,2sp,아이돌마스터 신데렐라 걸즈,좀비 랜드 사가,,"호시 쇼코, 모리쿠보 노노, 하야사카 미레이, 시라사카 코우메",,해당없음,,기타,https://dongne.co/event/vidol04/circles/147217,제 4회 어나더 스테이지,day2
장르증발 혼란부스,라미,I19a,1sp,아이돌리쉬세븐,,,,,,,,https://dongne.co/event/vidol04/circles/148365,제 4회 어나더 스테이지,day2
저는 김래빈의 남자친구인가요? ,욘,L15a,1sp,데뷔 못하면 죽는 병에 걸림,,,차유진 김래빈,차유진 X김래빈,로맨틱,,소설,https://dongne.co/event/vidol04/circles/149319,제 4회 어나더 스테이지,day2
제22회 니카야마 산악회 정기산행,"레몬, 플러스",H14b,1sp,아이돌리쉬세븐,,,니카이도 야마토,,"섹슈얼,로맨틱",,"만화,소설",https://dongne.co/event/vidol04/circles/103753,제 4회 어나더 스테이지,day2
주먹밥가게,신남,J24,2sp,앙상블 스타즈!!,,,"ALKALOID, Crazy:B",아마기 히이로X시라토리 아이라 ,,,만화,https://dongne.co/event/vidol04/circles/105103,제 4회 어나더 스테이지,day2
진세이와 판타스틱 마감와 무겐다이!!!!!!!,미쿠리,H12,2sp,아이돌리쉬세븐,,,,유키X모모,로맨틱,"리쿠이오, 가쿠츠무",,https://dongne.co/event/vidol04/circles/148540,제 4회 어나더 스테이지,day2
쮸뿝쮸뿝,SPiCa,K4a,1sp,아이돌 마스터 시리즈,"아이돌 마스터 밀리언 라이브, 아이돌 마스터 신데렐라 걸즈, 아이돌 마스터 샤이니 컬러즈",,"미우라 아즈사, 오이카와 시즈쿠, 토요카와 후카, 츠키오카 코가네",,,,"만화,소설",https://dongne.co/event/vidol04/circles/106748,제 4회 어나더 스테이지,day2
챠비별_냐벤더,챠비별,L19b,1sp,,,,,X문대,해당없음,,공예,https://dongne.co/event/vidol04/circles/120943,제 4회 어나더 스테이지,day2
청려야 문대를 밀문 대 안대?,라야,M16b,1sp,데뷔 못 하면 죽는 병 걸림,,실낙원,"청려, 박문대",청려X문대,로맨틱,,소설,https://dongne.co/event/vidol04/circles/142082,제 4회 어나더 스테이지,day2
초록은 적이다 카가미네 일가!,Arles,G24,2sp,보컬로이드,,,"카가미네린, 카가미네렌",,,,만화,https://dongne.co/event/vidol04/circles/143912,제 4회 어나더 스테이지,day2
축전 받으려고 책 내는 부스,스나오,J23,2sp,앙상블 스타즈!!뮤직,"아이돌리쉬 세븐,노래의 왕자님",,"아마기 히이로,시라토리 아이라,오오사카 소고,요츠바 타마키",아마기 히이로X시라토리 아이라,"해당없음,로맨틱","타마소우,렌마사","소설,만화",https://dongne.co/event/vidol04/circles/106653,제 4회 어나더 스테이지,day2
취향대로,산송장,I6,2sp,앙상블스타즈!,,,,,,,,https://dongne.co/event/vidol04/circles/106924,제 4회 어나더 스테이지,day2
치요코퐁듀,리와,K3b,1sp,아이돌마스터 샤이니컬러즈,,,소노다 치요코,,,,"만화,기타",https://dongne.co/event/vidol04/circles/107141,제 4회 어나더 스테이지,day2
카나치아☆트로피컬랑데뷰,몽뭉,I21b,1sp,앙상블스타즈 앙스타,,,"신카이 카나타, 모리사와 치아키",카나타X치아키,로맨틱,,소설,https://dongne.co/event/vidol04/circles/149589,제 4회 어나더 스테이지,day2
카무라 프로덕션,녹챠,K2a,1sp,아이돌마스터 신데렐라 걸즈,프로젝트 세카이 컬러풀 스테이지!,,신데렐라 걸즈 아이돌 다수,,,시노노메 아키토×시노노메 에나,"만화,소설",https://dongne.co/event/vidol04/circles/144145,제 4회 어나더 스테이지,day2
크레이지피자돌리기,"핏짜, 다네네네",I8,2sp,앙상블스타즈!!,,,아마기린네,,로맨틱,,"만화,일러스트",https://dongne.co/event/vidol04/circles/148357,제 4회 어나더 스테이지,day2
타르타르소스,TR,G3b,1sp,show by rock,,,,죠X야스,로맨틱,,소설,https://dongne.co/event/vidol04/circles/142534,제 4회 어나더 스테이지,day2
타츠마요 앤솔로지,동풍,I22a,1sp,앙상블스타즈!!,,,"카제하야 타츠미,아야세 마요이",카제하야 타츠미X아야세 마요이,로맨틱,,만화,https://dongne.co/event/vidol04/circles/143924,제 4회 어나더 스테이지,day2
탈앙실패,의성 / 서중,J1a,1sp,앙상블 스타즈!!,,,아마기 히이로,아마기 히이로X시라토리 아이라,로맨틱,,"만화,소설",https://dongne.co/event/vidol04/circles/143601,제 4회 어나더 스테이지,day2
테스타는 가족이다,귤린,M1a,1sp,데뷔 못 하면 죽은 병 걸림,,실낙원,박문대,,해당없음,,,https://dongne.co/event/vidol04/circles/120922,제 4회 어나더 스테이지,day2
토끼나라,Nia,M1b,1sp,데뷔못하면죽는병,,실낙원,문대,청려X문대,,문대른,소설,https://dongne.co/event/vidol04/circles/148557,제 4회 어나더 스테이지,day2
토마토뷔페,고게비,J4a,1sp,앙상블 스타즈!!,,,,세나 이즈미X스오우 츠카사,로맨틱,카오안즈,소설,https://dongne.co/event/vidol04/circles/144849,제 4회 어나더 스테이지,day2
토마토없는햄버거집,햄버거,K14b,1sp,데뷔 못 하면 죽는 병 걸림,,세진이네 아이돌 남자친구,,이세진X배세진,"로맨틱,섹슈얼",선아현X박문대,"일러스트,만화",https://dongne.co/event/vidol04/circles/143335,제 4회 어나더 스테이지,day2
트러플 이베리코 내장 국밥,dwune,K23,2sp,아이돌마스터 신데렐라 걸즈,,,"카미야 나오, 아베 나나, 아라키 히나",,해당없음,,만화,https://dongne.co/event/vidol04/circles/142507,제 4회 어나더 스테이지,day2
펑크를 내지말자,냥씨,G2a,1sp,쇼바이락,,,시안,,,,"일러스트,만화",https://dongne.co/event/vidol04/circles/106886,제 4회 어나더 스테이지,day2
포르오죠사마,mayo,G20,2sp,"프로젝트 세카이, 아이돌리쉬세븐",,,,,해당없음,,"일러스트,기타",https://dongne.co/event/vidol04/circles/149021,제 4회 어나더 스테이지,day2
포타 밖을 나온 겁 없는 문어,우루루슬라,M21b,1sp,데뷔 못하면 죽는 병 걸림,,실낙원,"신청려, 박문대",,"로맨틱,섹슈얼","모브문대, 문대른",소설,https://dongne.co/event/vidol04/circles/147729,제 4회 어나더 스테이지,day2
푸딩가게,마가린,G6b,1sp,킹 오브 프리즘,,,알렉산더,,로맨틱,타이알렉,만화,https://dongne.co/event/vidol04/circles/105484,제 4회 어나더 스테이지,day2
하무랜드 누이이불,하무,H4a,1sp,앙상블스타즈!!,히프노시스마이크,,,,,,공예,https://dongne.co/event/vidol04/circles/145333,제 4회 어나더 스테이지,day2
화양연화,김시아,K1,2sp,아이돌마스터(데레스테),"앙스타,보컬로이드",,안키라,,,,,https://dongne.co/event/vidol04/circles/144580,제 4회 어나더 스테이지,day2
"확보된 부스, 예상한 마감, 확실한 쵱컾",숭늉,M5a,1sp,데뷔 못하면 죽는 병 걸림,,실낙원,박문대,청려X문대,섹슈얼,,소설,https://dongne.co/event/vidol04/circles/142384,제 4회 어나더 스테이지,day2
회지낸다랄라/누체공방,망고맛젤리/누체공방,H2,2sp,앙상블 스타즈,,,,,해당없음,,,https://dongne.co/event/vidol04/circles/108079,제 4회 어나더 스테이지,day2
히어로도 배우도 모두 아이돌 아닌가요?,사나,H6a,1sp,A3!,"에리오스, A3!",,,스메라기텐마X루리카와유키,"로맨틱,섹슈얼",가스트애들러X마리온블라이스,만화,https://dongne.co/event/vidol04/circles/105372,제 4회 어나더 스테이지,day2
히요쥰의 모든 걸 담았다,시리,J19a,1sp,앙상블 스타즈!!,,,토모에 히요리 사자나미 쥰,히요리X쥰,로맨틱,,"만화,소설",https://dongne.co/event/vidol04/circles/143478,제 4회 어나더 스테이지,day2
