,부스명,대표자,위치,부스,대표 작품(원작),그 외 다루는 작품,쁘띠존,캐릭터,커플링,커플링 성향,그 외 커플링,매체,링크,행사명,개최일
0,-,scaro,,1sp,파이널 판타지14,"데스티니 가디언즈, 폴아웃, 와치독스",,,,,,,https://dongne.co/event/game03/circles/145112,제 3회 오락관,day2
1,19살이 너무해!,19살연하공,,1sp,에리오스 라이징 히어로즈,,,,,"로맨틱,섹슈얼","빌리그레, 페이디노, 마리가스",만화,https://dongne.co/event/game03/circles/143540,제 3회 오락관,day2
2,2022년에 페르소나 파기,윳,,1sp,페르소나 시리즈,,,,,,,,https://dongne.co/event/game03/circles/143465,제 3회 오락관,day2
3,2인분 코퀴토스,"자고새, 이비",,2sp,세포신곡,,,"아토 하루키, 우츠기 노리유키, 이소이 사네미츠",,"로맨틱,섹슈얼",,"만화,소설",https://dongne.co/event/game03/circles/141692,제 3회 오락관,day2
4,4근1힐,청류,,2sp,사이퍼즈,,,,바레X데샹,섹슈얼,클리브제이 ,,https://dongne.co/event/game03/circles/104452,제 3회 오락관,day2
5,4컷전선부스,아닌겨,,2sp,소녀전선,,,,,,,만화,https://dongne.co/event/game03/circles/108011,제 3회 오락관,day2
6,9월 30일,9월 30일,,1sp,뉴단간론파V3,,,"오마 코키치, 사이하라 슈이치",오마 코키치X사이하라 슈이치,"로맨틱,섹슈얼",,,https://dongne.co/event/game03/circles/108212,제 3회 오락관,day2
7,ALWAYS BESIDE,빵도리,,2sp,,,,,,,,,https://dongne.co/event/game03/circles/115149,제 3회 오락관,day2
8,AMIX,미르,,1sp,로드 오브 히어로즈,영원한7일의도시,,요한,로드X요한,로맨틱,,만화,https://dongne.co/event/game03/circles/103618,제 3회 오락관,day2
9,Blue monday,크뭉,,1sp,페이트 그랜드오더,,,로마니 아키만,마리스빌리 아니무스피어X로마니 아키만,해당없음,,만화,https://dongne.co/event/game03/circles/149412,제 3회 오락관,day2
10,Cafe Aporia,아오자이조장,,2sp,창작 비주얼 노벨,관련 굿즈,,,X,해당없음,,"소설,게임",https://dongne.co/event/game03/circles/141764,제 3회 오락관,day2
11,COLOR ROTATION,MEEMA,,2sp,라이브러리오브루이나 로보토미코퍼레이션  ,파이널판타지14,,헤세드,헤세드X게부라,"섹슈얼,로맨틱",,만화,https://dongne.co/event/game03/circles/105208,제 3회 오락관,day2
12,COSMOS,VNI,,1sp,마비노기,,,"케흘렌, 마르에드",케흘렌X마르에드,"로맨틱,섹슈얼",,만화,https://dongne.co/event/game03/circles/144793,제 3회 오락관,day2
13,Couvee,한강물,,1sp,파이어엠블렘 풍화설월,,,마누엘라 카자그란다,페르디난트X마누엘라,"섹슈얼,로맨틱",,소설,https://dongne.co/event/game03/circles/147988,제 3회 오락관,day2
14,dance with devil,김철수,,1sp,진여신전생3 녹턴 매니악스,파이어 엠블렘 풍화설월,,"단테,인수라,픽시,펠릭스,실뱅",단테X인수라,로맨틱,"인수라←픽시,펠릭스X실뱅",만화,https://dongne.co/event/game03/circles/106328,제 3회 오락관,day2
15,Fitting Room,쓩늉,,1sp,베리드 스타즈,,,"한도윤, 이규혁, 플러그홀, 허우석",,해당없음,"플러그홀x한도윤, 허우석x한도윤","일러스트,만화,기타",https://dongne.co/event/game03/circles/110837,제 3회 오락관,day2
16,Go west,돼지불백,,1sp,에리오스 라이징 히어로즈,,,에리오스 캐릭터,,,,만화,https://dongne.co/event/game03/circles/148576,제 3회 오락관,day2
17,halogen,F,,1sp,회색도시2,,,"유상일, 올캐러",,,,"만화,일러스트",https://dongne.co/event/game03/circles/144174,제 3회 오락관,day2
18,Hypoxia,유보라,,1sp,앙상블스타즈,로드오브히어로즈,,"사쿠마레이, 하카제카오루",,섹슈얼,라샤다닐,소설,https://dongne.co/event/game03/circles/117082,제 3회 오락관,day2
19,Jailgrouncer,아리스시리아,,1sp,길티기어,페이트,,,X,,,만화,https://dongne.co/event/game03/circles/143328,제 3회 오락관,day2
20,KUMONE,쿠모,,1sp,버디미션 본드,,버디버디 ~사람과 사람을 잇는 본드~ 2회,,아론X루크,"로맨틱,섹슈얼",,만화,https://dongne.co/event/game03/circles/144438,제 3회 오락관,day2
21,MasagoTown,라비,,1sp,포켓몬스터,,,,,,,,https://dongne.co/event/game03/circles/106595,제 3회 오락관,day2
22,mero,mero,,1sp,,,,,,,,일러스트,https://dongne.co/event/game03/circles/104514,제 3회 오락관,day2
23,NINE,91,,1sp,로드 오브 히어로즈,,,"요한, 로드",요한X로드,"로맨틱,섹슈얼",,소설,https://dongne.co/event/game03/circles/106480,제 3회 오락관,day2
24,NO EYE DEER,離脱、Hizurida,,2sp,"제5인격, 파이널판타지 14","하데스, 역전재판, 슈퍼 단간론파2",,,,,,"일러스트,기타,만화,공예",https://dongne.co/event/game03/circles/147777,제 3회 오락관,day2
25,No.1 Party!,벤더,,1sp,뱅드림! 걸즈 밴드 파티!,"엘소드, 마법사의 약속, 쿠키런",,애드,도미네이터X마스터마인드,"로맨틱,해당없음",,일러스트,https://dongne.co/event/game03/circles/107025,제 3회 오락관,day2
26,ONSET,사비크,,2sp,파판14,,,,,,,,https://dongne.co/event/game03/circles/103593,제 3회 오락관,day2
27,orangepeel,라지엘,,1sp,마법사의 약속,,,"카인 나이트레이, 오웬",카인X오웬,로맨틱,,만화,https://dongne.co/event/game03/circles/145720,제 3회 오락관,day2
28,PS Vita 부흥위원회,불역파,,1sp,페르소나3,,,올캐러,아라가키 신지로X햄코,로맨틱,"3주x아이기스, 이오리 준페이x요시노 치도리, 타케바 유카리x키리조 미츠루","일러스트,만화,기타",https://dongne.co/event/game03/circles/142586,제 3회 오락관,day2
29,SAND LAKE,새벽네시,,2sp,록맨,,,,,,,,https://dongne.co/event/game03/circles/112739,제 3회 오락관,day2
30,silverforest,은림,,1sp,,,,,,,,,https://dongne.co/event/game03/circles/145131,제 3회 오락관,day2
31,The whole self ,모록,,1sp,섬의 궤적,,,린 슈바르처,,로맨틱,,소설,https://dongne.co/event/game03/circles/103623,제 3회 오락관,day2
32,to return,미도,,1sp,베리드 스타즈,,,"이규혁, 한도윤",,"로맨틱,섹슈얼",규혁도윤,소설,https://dongne.co/event/game03/circles/110718,제 3회 오락관,day2
33,Under the Sea,레밤,,2sp,로드 오브 히어로즈,,,미하일 블레이크,미하일X크롬,로맨틱,,만화,https://dongne.co/event/game03/circles/148424,제 3회 오락관,day2
34,[상시 무료배포] 품목: 신의 사랑,아단,,2sp,세포신곡(Cell of Empireo),마계전기 디스가이아,,요우니나/호스트조/백장미조,쟈부치 요우X야나기 니나,로맨틱,백장미조,"만화,기타",https://dongne.co/event/game03/circles/141849,제 3회 오락관,day2
35,[의욕:대성공] 나버린 부스,아델킴,,2sp,디스코 엘리시움,,,"해리 드 부아, 킴 키츠라기",해리X킴,로맨틱,,"소설,기타,만화",https://dongne.co/event/game03/circles/141781,제 3회 오락관,day2
36,昆蟲箱子 :: Insect Box,사나이,,2sp,버디미션BOND,영원한7일의도시,버디버디 ~사람과 사람을 잇는 본드~ 2회,,,,,만화,https://dongne.co/event/game03/circles/110206,제 3회 오락관,day2
37,가르그마크 텃밭,sr,,1sp,파이어엠블렘 풍화설월,,,벨레스 디미트리,,"로맨틱,섹슈얼",디미레스,"만화,일러스트,소설",https://dongne.co/event/game03/circles/109440,제 3회 오락관,day2
38,가보자고,얄루,,1sp,버디미션 BOND,,버디버디 ~사람과 사람을 잇는 본드~ 2회,,,,,,https://dongne.co/event/game03/circles/143937,제 3회 오락관,day2
39,가짜라이벌단속반에서나왔습니다,도현,,2sp,포켓몬스터 소드.실드,,,"단델, 금랑",단델X금랑,로맨틱,,소설,https://dongne.co/event/game03/circles/143581,제 3회 오락관,day2
40,간편하게 호로록 회색도시,김서린,,1sp,회색도시2,,,"정은창, 강재인",정은창X강재인,섹슈얼,,만화,https://dongne.co/event/game03/circles/145442,제 3회 오락관,day2
41,감시기지,ㅇㅅㅇ,,1sp,오버워치,,,,레예스X맥크리,"섹슈얼,로맨틱",올캐러,"소설,일러스트",https://dongne.co/event/game03/circles/109519,제 3회 오락관,day2
42,강쥐테라피,드리,,1sp,버디미션본드,,버디버디 ~사람과 사람을 잇는 본드~ 2회,루크 윌리엄스,아론X루크,,,,https://dongne.co/event/game03/circles/143940,제 3회 오락관,day2
43,거다이족쇄,에탁,,2sp,포켓몬스터 소드 실드,,,"단델, 금랑",단델X금랑,"섹슈얼,로맨틱",,"만화,소설",https://dongne.co/event/game03/circles/107786,제 3회 오락관,day2
44,관상식물,깊고깊은,,2sp,버디미션본드,베리드 스타즈,버디버디 ~사람과 사람을 잇는 본드~ 2회,"아론, 루크, 이규혁, 한도윤",아론X루크,로맨틱,규혁도윤,소설,https://dongne.co/event/game03/circles/143193,제 3회 오락관,day2
45,괴터데메룽 22-1번길 탐정 사무소,개롱이,,1sp,페이트 그랜드 오더,,,,신챠X셜록홈즈,"섹슈얼,로맨틱",,"만화,일러스트",https://dongne.co/event/game03/circles/105248,제 3회 오락관,day2
46,교부님의 그것은 큰가요? 후훗 염주말이에요,망상,,1sp,전국바사라,,,,,,,,https://dongne.co/event/game03/circles/109453,제 3회 오락관,day2
47,궁병극좌,크림빵,,2sp,페이트,,,"5차 아처, 에미야 시로",5차 아처X에미야 시로,"섹슈얼,로맨틱",,"만화,소설",https://dongne.co/event/game03/circles/106262,제 3회 오락관,day2
48,그런 안일한 마음으로 나블하는거니,망고도도,,2sp,엘소드,,,"엘소드, 아인",엘소드X아인,로맨틱,,"만화,기타",https://dongne.co/event/game03/circles/105172,제 3회 오락관,day2
49,까마귀 둥지,오운,,2sp,"로드오브히어로즈, 파이널판타지14",1차,,"에메트셀크, 수정공",,해당없음,,공예,https://dongne.co/event/game03/circles/103614,제 3회 오락관,day2
50,까마귀와 왕님은 사귀고있나요?,HSFS,,1sp,다크소울,다키스트 던전,,"키아란,아르토리우스",,,,"일러스트,만화",https://dongne.co/event/game03/circles/143559,제 3회 오락관,day2
51,날아다니는 미트볼교,01,,2sp,데스티니 가디언즈,"로드 오브 히어로즈, 오버워치",,,,,,"만화,일러스트,소설",https://dongne.co/event/game03/circles/144867,제 3회 오락관,day2
52,네 빵에 독을 탔어,프레첼,,1sp,에리오스,,,,,,,만화,https://dongne.co/event/game03/circles/143161,제 3회 오락관,day2
53,네크로맨틱 티파티,"네크로맨서, 호로롭",,2sp,에리오스,,,,,,,"소설,만화,일러스트",https://dongne.co/event/game03/circles/148231,제 3회 오락관,day2
54,다람쥐 귀여워,도치,,1sp,동물의숲(모동숲),"마비노기, 포켓몬스터",,,,,,"공예,조형,기타",https://dongne.co/event/game03/circles/142190,제 3회 오락관,day2
55,다올,다올,,1sp,파이널판타지14,,,,,,,"게임,공예",https://dongne.co/event/game03/circles/144045,제 3회 오락관,day2
56,단어혼용방지위원회,순자,,2sp,버디미션 BOND,,버디버디 ~사람과 사람을 잇는 본드~ 2회,루크 윌리엄스,,섹슈얼,,소설,https://dongne.co/event/game03/circles/143195,제 3회 오락관,day2
57,대타출동,녹녹,,2sp,"포켓몬스터 소드&실드,  노래하는 왕자님(우타프리), 파이널판타지14",,,,,,,"만화,일러스트",https://dongne.co/event/game03/circles/104609,제 3회 오락관,day2
58,더블E,무라이,,1sp,슈퍼로봇대전OG시리즈,,,쿠스하 제오라 ,브릿트X쿠스하,"로맨틱,섹슈얼",아라드x제오라,만화,https://dongne.co/event/game03/circles/103584,제 3회 오락관,day2
59,도레미루레파시도,"YEM, 전과자",,2sp,마법사의 약속,,,,미스라X루틸,"로맨틱,섹슈얼",레녹스x파우스트,"만화,일러스트,기타",https://dongne.co/event/game03/circles/147414,제 3회 오락관,day2
60,도리도리랜드,도리도리,,2sp,그랜드체이스,리그오브레전드,,,,,,"만화,일러스트",https://dongne.co/event/game03/circles/142578,제 3회 오락관,day2
61,도스임시서클명,준,,1sp,몬스터헌터 xx,,,,,해당없음,,만화,https://dongne.co/event/game03/circles/143927,제 3회 오락관,day2
62,도시에 사람 있어요 [정상영업 중],아브크,,2sp,회색도시 2,,,"정은창, 권현석",권현석X정은창,"로맨틱,섹슈얼",,소설,https://dongne.co/event/game03/circles/144276,제 3회 오락관,day2
63,동백나무의 가지,"쿠로센, 심해",,2sp,라이브러리 오브 루이나 ,"림버스 컴퍼니, 로드 오브 히어로즈 ",,,,,,"공예,기타,일러스트",https://dongne.co/event/game03/circles/141559,제 3회 오락관,day2
64,뒹굴뒹굴,돕돕돕,,2sp,DC코믹스,"오버워치, 롤",,배트맨,,해당없음,,일러스트,https://dongne.co/event/game03/circles/144502,제 3회 오락관,day2
65,드래곤 길들이기,도마뱀,,2sp,포켓몬스터 소드실드,,,금랑,,로맨틱,호브우리,만화,https://dongne.co/event/game03/circles/104536,제 3회 오락관,day2
66,디스코한무언가,해인,,1sp,디스코엘리시움,젤다의 전설 야생의 숨결,,"해리 드부아, 킴 키츠라기",,"해당없음,로맨틱",,기타,https://dongne.co/event/game03/circles/142006,제 3회 오락관,day2
67,딸기공장,슈님,,1sp,마법사의 약속,파이어엠블렘풍화설월,,루틸,,로맨틱,,만화,https://dongne.co/event/game03/circles/107152,제 3회 오락관,day2
68,랑야각 연합 오세요,청설모로드,,2sp,로드 오브 히어로즈,앙상블 스타즈,,,,,,게임,https://dongne.co/event/game03/circles/144519,제 3회 오락관,day2
69,레몬벨벳,초코호시,,2sp,꽃의 새벽,,,,,,,"음반,일러스트,기타",https://dongne.co/event/game03/circles/147627,제 3회 오락관,day2
70,렛츠 가락,SUMNI,,2sp,길티기어,,,,,해당없음,,만화,https://dongne.co/event/game03/circles/143847,제 3회 오락관,day2
71,로드의전설,얄롤리,,2sp,"젤다의전설, 로드오브히어로즈",,,,,,,,https://dongne.co/event/game03/circles/103984,제 3회 오락관,day2
72,마감도 롹이다,긍,,1sp,아르고나비스,,,,,로맨틱,,소설,https://dongne.co/event/game03/circles/147757,제 3회 오락관,day2
73,마남파격세일,"B, 친정어머님",,2sp,마법사의 약속,,,,카인X오웬,,미스라X루틸,"만화,일러스트",https://dongne.co/event/game03/circles/148797,제 3회 오락관,day2
74,마스크 끼고 푸드덕,훈새,,1sp,베리드 스타즈,,,"이규혁, 한도윤",이규혁X한도윤,"로맨틱,섹슈얼",,"만화,일러스트",https://dongne.co/event/game03/circles/110835,제 3회 오락관,day2
75,마이너의 끝,JOPOK,,1sp,샹치,어쌔신 크리드,,"웬우, 헤이담",레피X웬우,"섹슈얼,로맨틱",웬우른,소설,https://dongne.co/event/game03/circles/107575,제 3회 오락관,day2
76,맛있는 강정,도화,,1sp,회색도시2,테일즈위버,,강재인,강재인X정은창,로맨틱,,만화,https://dongne.co/event/game03/circles/141348,제 3회 오락관,day2
77,먹고구름,R,,2sp,쿠키런 킹덤,"쿠키런 오븐브레이크,마비노기 ,LoL",,,,,,일러스트,https://dongne.co/event/game03/circles/144670,제 3회 오락관,day2
78,메달리는 내내,내내,,2sp,"로드 오브 히어로즈, 파이널 판타지","동물의 숲, 쿠키런",,,,"로맨틱,섹슈얼",,"일러스트,만화,기타",https://dongne.co/event/game03/circles/142480,제 3회 오락관,day2
79,면죄도 동인도 되다 말았습니다.,이데아,,2sp,파이널판타지14,,,에메트셀크,휘틀로다이우스X에메트셀크,"로맨틱,섹슈얼",고대인,"소설,기타,일러스트",https://dongne.co/event/game03/circles/104541,제 3회 오락관,day2
80,명장,권생,,4sp,포켓몬스터,"FGO, 파이어엠블렘풍화설월,단간론파,월드엔드클럽,프로젝트 세카이,로보토미코퍼레이션,라이브러리 오브 루이나,앙스타",,,,,,,https://dongne.co/event/game03/circles/106587,제 3회 오락관,day2
81,모여봐요 장르콩가루의 숲,연수,,2sp,오토메게임,"완드 오브 포춘, 포켓몬스터, 영원한 7일의 도시",,미정,,"로맨틱,해당없음",미정,"일러스트,소설,기타",https://dongne.co/event/game03/circles/107710,제 3회 오락관,day2
82,뭐가 나올지 몰라용,aiueoatm,,2sp,,,,,,,,,https://dongne.co/event/game03/circles/108514,제 3회 오락관,day2
83,뭐든 내보겠습니다,snow_pasta,,1sp,파이널판타지14,길티기어,,"솔, 카이, 빛의전사 ,에메트셀크, 그라하티아",빛의전사X하데스(에메트셀크),"로맨틱,섹슈얼",솔×카이,"소설,일러스트",https://dongne.co/event/game03/circles/144247,제 3회 오락관,day2
84,뮤 로드가 푸딩 사갈게,돌,,2sp,로드 오브 히어로즈,,,올캐러 지향,,,,"만화,일러스트",https://dongne.co/event/game03/circles/143323,제 3회 오락관,day2
85,미슐랭3스타,골든램지,,2sp,"라이브러리 오브 루이나, 베리드 스타즈, 앙상블 스타즈",,,,,,,"만화,일러스트",https://dongne.co/event/game03/circles/149215,제 3회 오락관,day2
86,미정,리리,,1sp,파이널판타지14,,,"에스티니앙,아이메리크",X,"로맨틱,섹슈얼",아이메리크x에스티니앙,"만화,일러스트,소설",https://dongne.co/event/game03/circles/143491,제 3회 오락관,day2
87,미카구라 불륜 산악회,늘보,,1sp,버디미션 본드,,버디버디 ~사람과 사람을 잇는 본드~ 2회,"체슬리, 루크, 팬텀",체슬리X루크,"로맨틱,섹슈얼",팬텀루크,"만화,일러스트,소설",https://dongne.co/event/game03/circles/141560,제 3회 오락관,day2
88,미팅찻집에서 방탈출을,jeno,,1sp,페르소나 Q,회색도시2,,P3주,,,,,https://dongne.co/event/game03/circles/107516,제 3회 오락관,day2
89,민트쵸코믹스,뮈우,,1sp,소녀전선,,,,,,,"만화,일러스트,기타",https://dongne.co/event/game03/circles/103963,제 3회 오락관,day2
90,바빌론 창고 계약한 인최마 군,카노,,1sp,페이트 그랜드 오더,,,"길가메쉬, 후지마루 리츠카",길가메쉬(캐스터)X후지마루 리츠카(구다오),"로맨틱,섹슈얼",,"소설,기타",https://dongne.co/event/game03/circles/147667,제 3회 오락관,day2
91,바웨와친구들,인어맨,,1sp,매스이펙트,,,셰퍼드 개러스 그런트,,해당없음,,만화,https://dongne.co/event/game03/circles/103706,제 3회 오락관,day2
92,바이오웨어 온리전 ~FORNAX : N7 SPECIAL EDITION~,이든&김쌍자,,2sp,매스이펙트,드래곤 에이지,,"셰퍼드, 개러스 외 다수",,"로맨틱,섹슈얼,해당없음","쉬리오스, 제브워든 외 다수","소설,만화,일러스트",https://dongne.co/event/game03/circles/141238,제 3회 오락관,day2
93,반반맥주많이,찐빵,,2sp,에리오스 라이징 히어로즈,,,"디노 알바니, 키스 맥스, 브래드 빔스",키스 맥스X브래드 빔스,"로맨틱,섹슈얼",디노키스,만화,https://dongne.co/event/game03/circles/141446,제 3회 오락관,day2
94,배신자의 뜰,람,,2sp,베리드 스타즈,,,"이규혁, 한도윤",이규혁X한도윤,"로맨틱,섹슈얼",,소설,https://dongne.co/event/game03/circles/110730,제 3회 오락관,day2
95,베스트라마도공병잡플래닛평점0.3점,무교,,1sp,파이어엠블렘 풍화설월,,,"페르디난트, 휴베르트",페르디난트X휴베르트,로맨틱,,,https://dongne.co/event/game03/circles/142499,제 3회 오락관,day2
96,별다섯개,감은눈,,1sp,페르소나5,ff14,,,모험가X수정공,섹슈얼,"빛전수정, 모험수정",만화,https://dongne.co/event/game03/circles/108763,제 3회 오락관,day2
97,부스명못정한부스,lilita,,2sp,엘소드,"그랜드체이스, 로드 오브 히어로즈",,,,해당없음,,"일러스트,기타",https://dongne.co/event/game03/circles/107780,제 3회 오락관,day2
98,비지찌개,비지,,1sp,페이트 그랜드 오더,,,,,,,,https://dongne.co/event/game03/circles/108482,제 3회 오락관,day2
99,빙글빙글 돌아가는 가라르의 하루,카밀렝,,2sp,포켓몬스터,사이퍼즈,,,,,,,https://dongne.co/event/game03/circles/107850,제 3회 오락관,day2
100,쀼 사기단,민,,1sp,리그오브레전드,"로보토미 코퍼레이션, 라이브러리 오브 루이나, 돈스타브 투게더",,세나,루시안X세나,로맨틱,"자야라칸, 롤랑안젤, 게부헤세, 헤세게부","만화,일러스트,소설",https://dongne.co/event/game03/circles/148767,제 3회 오락관,day2
101,사관학교로얄커플,킴비,,1sp,파이어엠블럼 풍화설월,,,디미트리 클로드,디미트리X클로드,로맨틱,,만화,https://dongne.co/event/game03/circles/108591,제 3회 오락관,day2
102,사랑의 둥지,테이큰,,1sp,슈퍼단간론파2,,,"히나타 하지메, 코마에다 나기토",,섹슈얼,,소설,https://dongne.co/event/game03/circles/142976,제 3회 오락관,day2
103,상자각,상자각(곽민선),,1sp,LOL,아이온,,,,,,일러스트,https://dongne.co/event/game03/circles/147836,제 3회 오락관,day2
104,생생정보통에 소개된 조슈바네 떡집,아이슈,,2sp,로드오브히어로즈,,,조슈아,,"로맨틱,섹슈얼",,"만화,일러스트,소설",https://dongne.co/event/game03/circles/143379,제 3회 오락관,day2
105,서클명 뭐할까?,나시,,1sp,아이돌리쉬세븐,쿠로위즈,,"모모, 유키",,"로맨틱,섹슈얼",아포바카,소설,https://dongne.co/event/game03/circles/142529,제 3회 오락관,day2
106,선생님 부스가 내고싶어요,철가면,,1sp,사이퍼즈,,,,,,,,https://dongne.co/event/game03/circles/110201,제 3회 오락관,day2
107,세계최강 양돌이,Cent,,1sp,마법사의 약속,프로젝트 세카이,,,미스라X루틸,해당없음,,,https://dongne.co/event/game03/circles/148210,제 3회 오락관,day2
108,소꿉친구가 알고보니 레즈?,장어덮밥,,2sp,"러브라이브 스쿨아이돌 페스티벌 올스타, 파이어 엠블렘 풍화설월",도쿄 세븐스 시스터즈,,"우에하라 아유무, 에델가르트 폰 흐레스벨그",우에하라 아유무X아나타쨩,"로맨틱,해당없음",파이어 엠블렘 풍화설월 흑수리 여캐 위주 논컾,만화,https://dongne.co/event/game03/circles/107999,제 3회 오락관,day2
109,소프트아이스크림부,도담,,1sp,테일즈 오브 제스티리아,,,"스레이, 미쿠리오",미쿠리오X스레이,로맨틱,,만화,https://dongne.co/event/game03/circles/142050,제 3회 오락관,day2
110,손도치,sondochi,,1sp,오리지널,모동숲,,,,,,공예,https://dongne.co/event/game03/circles/142809,제 3회 오락관,day2
111,순愛(아이)보,임무 ,,1sp,,,버디버디 ~사람과 사람을 잇는 본드~ 2회,"아론,루크, 올캐릭터",아론X루크,"로맨틱,섹슈얼,해당없음",,"만화,일러스트,기타",https://dongne.co/event/game03/circles/145470,제 3회 오락관,day2
112,신도 덕질하나요?,비야,,2sp,신도 야근을 하나요?,,,,,,,일러스트,https://dongne.co/event/game03/circles/144089,제 3회 오락관,day2
113,신아이메리크 꼬친 주세요,로유,,2sp,파이널 판타지 14,,,,아이메리크X에스티니앙,로맨틱,,"만화,소설",https://dongne.co/event/game03/circles/143729,제 3회 오락관,day2
114,신청하고본다,연비,,1sp,프린세스 커넥트 리다이브,,,무이미,오쿠토X무이미,해당없음,,만화,https://dongne.co/event/game03/circles/143410,제 3회 오락관,day2
115,신청해두면 뭐라도 나오겠지,z,,1sp,FF14,사이퍼즈,,,,,,,https://dongne.co/event/game03/circles/144764,제 3회 오락관,day2
116,아 언제열었데!!,알파깡,,1sp,데빌 메이 크라이,디 이블 위딘,,"단테,버질",버질X단테,로맨틱,,만화,https://dongne.co/event/game03/circles/109910,제 3회 오락관,day2
117,아동문학 읽는 어른,레아시스,,1sp,Fate/Grand Order,,,,안데르센X셰익스피어,"로맨틱,섹슈얼",신주쿠의 아처x셜록 홈즈,소설,https://dongne.co/event/game03/circles/104683,제 3회 오락관,day2
118,아르케늄 100% 화이트와인,레비,,2sp,세포신곡 시리즈,,,,우츠기 란기리X하라다 무테이,"로맨틱,섹슈얼",루츠세오(막간컾),소설,https://dongne.co/event/game03/circles/140708,제 3회 오락관,day2
119,아마라 네트워크,ㄴㅁㅋ,,1sp,진 여신전생 3,,,인수라,,해당없음,,"만화,공예,기타",https://dongne.co/event/game03/circles/106689,제 3회 오락관,day2
120,아마라별관,무이킹,,1sp,진여신전생3,,,"인수라, 단테",단테X인수라,"로맨틱,섹슈얼",,만화,https://dongne.co/event/game03/circles/141422,제 3회 오락관,day2
121,아무튼나갑니다오락관,힉쿠,,1sp,버디미션본드,ff14,버디버디 ~사람과 사람을 잇는 본드~ 2회,아론 체슬리 모쿠마 루크,,,,"만화,일러스트",https://dongne.co/event/game03/circles/142645,제 3회 오락관,day2
122,아발론과 티바트를 오고가는 겁나푸른 판타지한 기공사 ,루시오,,1sp,로드오브히어로즈,"원신,그랑블루판타지",,,,,,일러스트,https://dongne.co/event/game03/circles/143142,제 3회 오락관,day2
123,아발론에서 346 프로덕션과 베리드 스타즈를 추구하면 안되는걸까?,연웨리,,1sp,"로드오브히어로즈, 베리드 스타즈",아이돌 마스터 신데렐라 걸즈,,"자이라 , 엔진 , 타쿠미 , 나츠키 , 한도윤 , 이규혁 , 허우석",,,,"만화,공예,일러스트",https://dongne.co/event/game03/circles/144212,제 3회 오락관,day2
124,아발론왕립대학 문화예술학부,카루시안,,2sp,로드 오브 히어로즈 (로오히),,,,,,,"만화,일러스트,소설,공예",https://dongne.co/event/game03/circles/144076,제 3회 오락관,day2
125,아저씨는 이제 젊은이들의 혈기를 받아주기가 힘들어,"푸구, 라떼, 이기기",,2sp,버디미션 본드,,버디버디 ~사람과 사람을 잇는 본드~ 2회,"체슬리, 모쿠마, 에드워드, 아론, 루크",체슬리X모쿠마,로맨틱,"루크른, 에드루크","일러스트,만화",https://dongne.co/event/game03/circles/140869,제 3회 오락관,day2
126,알아 난 너 뿐인걸,제제,,1sp,프로젝트 세카이,마법사의 약속,,,시노노메 아키토X시노노메 에나,"로맨틱,섹슈얼",,소설,https://dongne.co/event/game03/circles/107174,제 3회 오락관,day2
127,암것도 안나오면 겜하느라 펑된겁니다,Lunch,,1sp,오버워치,"레드 데드 리뎀션2, 폴아웃, GTA5",,,,,,"만화,일러스트",https://dongne.co/event/game03/circles/108685,제 3회 오락관,day2
128,암어 C비지 네 지갑 C벼줄게,NAJJO,,1sp,사이퍼즈,,,샬럿/멜빈/티모시/클리브/티샤엘프/안타리우스,티샤X엘프리데,로맨틱,,일러스트,https://dongne.co/event/game03/circles/142504,제 3회 오락관,day2
129,앙소드,"494,헤일리",,1sp,"앙상블스타즈!!, 엘소드",,,엘소드노아,HiMERUX카제하야 타츠미,로맨틱,리버닉스,"만화,일러스트,기타",https://dongne.co/event/game03/circles/143454,제 3회 오락관,day2
130,앤젤라커튼열어,세라,,2sp,라이브러리오브루이나,로보토미 원더랩 뒤틀림 탐정 ,,,,,,"기타,일러스트",https://dongne.co/event/game03/circles/142737,제 3회 오락관,day2
131,"야가미, 너 친구 없지? ~ 그래서 남친이 되기로 했습니다 ~",밍,,1sp,더 킹오브 파이터즈 (KOF),,,"쿠사나기 쿄, 야가미 이오리",쿄X이오리,,,"소설,일러스트",https://dongne.co/event/game03/circles/142740,제 3회 오락관,day2
132,엉망진창 마구니네,욕망의 마구니's,,2sp,로보토미,라오루 세포신곡 롤 페그오 로오히 할나,,,,,,,https://dongne.co/event/game03/circles/143961,제 3회 오락관,day2
133,에테라이트,돠돠,,2sp,파이널판타지14,,,그라하티아,,,,"일러스트,공예",https://dongne.co/event/game03/circles/105411,제 3회 오락관,day2
134,여궁언니가 너무 좋아요,비월군,,1sp,페이트,,,TS아처,,"섹슈얼,로맨틱",창사,소설,https://dongne.co/event/game03/circles/106209,제 3회 오락관,day2
135,여기서부터 라쿤시티입니다,SARDINE,,1sp,바이오하자드 RE:2,,,"레온 케네디, 에이다 웡",,,,만화,https://dongne.co/event/game03/circles/142680,제 3회 오락관,day2
136,여러분 리듬게임 하세요,야채,,1sp,코나미 리듬게임,"메이플스토리, 이터널 리턴",,"쿠로(노스텔지어), 데몬(메이플스토리)",,해당없음,,"소설,기타",https://dongne.co/event/game03/circles/143311,제 3회 오락관,day2
137,여름엔 퍼거스커피 여름엔 디미레스,아라,,2sp,파이어엠블렘 풍화설월,,,벨레스 아이스너,,"로맨틱,섹슈얼",,"소설,기타",https://dongne.co/event/game03/circles/107391,제 3회 오락관,day2
138,연애빼고다하기,누구누구,,1sp,트위스테,앙스타,,,에이스X듀스,"로맨틱,섹슈얼",,만화,https://dongne.co/event/game03/circles/142486,제 3회 오락관,day2
139,영감에게16길촉,아사네,,1sp,파이널판타지14,단간론파,,,에메트셀크X빛의전사(여),,,"만화,기타",https://dongne.co/event/game03/circles/143645,제 3회 오락관,day2
140,영원한 마감러의 부스,와뉴,,1sp,영원한 7일의 도시,로드 오브 히어로즈,,여자 지휘사,,"로맨틱,섹슈얼",,만화,https://dongne.co/event/game03/circles/103991,제 3회 오락관,day2
141,영원한 앙상블의 도시,에바님,,2sp,"영원한 7일의 도시,",앙상블 스타즈!!,,지휘사,세츠X지휘사(여),로맨틱,"지휘사(남)x아라시, 히이로x아이라",만화,https://dongne.co/event/game03/circles/107596,제 3회 오락관,day2
142,오락도 락이다,Myacc,,2sp,파이어 엠블렘 풍화설월,"아이돌 마스터 Side M(사이마스), 라테일, 로드 오브 히어로즈(로오히), 신도 야근을 하나요?(신야근)",,,,,,"만화,일러스트",https://dongne.co/event/game03/circles/143408,제 3회 오락관,day2
143,우리 조슈아가 이렇게 예뻐요,월님,,2sp,로드오브 히어로즈,사이퍼즈,,조슈아,요한X조슈아,로맨틱,,공예,https://dongne.co/event/game03/circles/147890,제 3회 오락관,day2
144,우리가 아르노다!,특대파르페,,2sp,궤적 시리즈,앙상블 스타즈!,,알바레아 형제,루퍼스X유시스,"섹슈얼,로맨틱","모브C, 모브루퍼","만화,소설",https://dongne.co/event/game03/circles/141476,제 3회 오락관,day2
145,울어른강강쥐절대행복하게만들어주겠어,말세,,1sp,버디미션bond,,버디버디 ~사람과 사람을 잇는 본드~ 2회,"체슬리, 루크",,해당없음,,,https://dongne.co/event/game03/circles/143730,제 3회 오락관,day2
146,원주종지하철광인(3호선),에스,,1sp,마법사의 약속,,,"레녹스, 파우스트",,,,"만화,일러스트,기타",https://dongne.co/event/game03/circles/147922,제 3회 오락관,day2
147,윙 치킨..,채소김채소,,1sp,록맨,,,,,섹슈얼,,"일러스트,만화",https://dongne.co/event/game03/circles/143544,제 3회 오락관,day2
148,유비디스커넥트,3B,,1sp,어쌔신 크리드,유비게임들,,켄웨이,,"로맨틱,섹슈얼",,만화,https://dongne.co/event/game03/circles/107432,제 3회 오락관,day2
149,유죄기어 & 돌남x,hdr,,2sp,"길티기어, 록맨",,,"올캐러, 제로, 엑스",,해당없음,,"만화,일러스트",https://dongne.co/event/game03/circles/141872,제 3회 오락관,day2
150,"윤회, 그거 다시 돌려줘!",립스,,1sp,"영원한7일의도시,백야극광",PERSONA 3/4/5,,"논컾, 플레이어플캐릭터 위주",X,해당없음,,"기타,일러스트",https://dongne.co/event/game03/circles/142564,제 3회 오락관,day2
151,음유시가(吟遊詩歌),강태헌,,2sp,엘소드,라테일 엘소드,,,,,검호히어 셀레리버 닉스리버,,https://dongne.co/event/game03/circles/148499,제 3회 오락관,day2
152,이 부스가 행사에 나온다면 제가 마감에 성공했다는 뜻이겠죠,겨울,,1sp,포켓몬스터 소드실드,,,"단델, 금랑",X,로맨틱,,"소설,일러스트,기타",https://dongne.co/event/game03/circles/105079,제 3회 오락관,day2
153,이거 게이볼그 아냐 아쳐,이록기,,1sp,페이트 그랜드 오더,페이트 스테이 나이트,,에미야, 쿠훌린X에미야,섹슈얼,,"만화,공예",https://dongne.co/event/game03/circles/104200,제 3회 오락관,day2
154,이걸... 또 먹는군요?,하밀,,4sp,엘소드,,,"아인, 애드, 청",X,"섹슈얼,로맨틱","아인 3라인 왼, 센츄페팬","만화,일러스트,소설",https://dongne.co/event/game03/circles/107008,제 3회 오락관,day2
155,이구동성 망팟,셀,,2sp,페르소나5,"풍화설월, 로드 오브 히어로즈",,주인공,,,,,https://dongne.co/event/game03/circles/104149,제 3회 오락관,day2
156,인도공주와 궁정고영의 집사,에나,,2sp,fate/grand order,,,아르주나,카르나X아르주나,로맨틱,아마살리,"만화,소설",https://dongne.co/event/game03/circles/104559,제 3회 오락관,day2
157,일단신청해,amaama,,1sp,"롤, 오버워치",,,,,,,,https://dongne.co/event/game03/circles/144367,제 3회 오락관,day2
158,장터게시판,오늘,,2sp,파이널판타지14,,,,,,,공예,https://dongne.co/event/game03/circles/108727,제 3회 오락관,day2
159,재고전시장,재고사장,,1sp,드래곤네스트,세포신곡,,,,,,일러스트,https://dongne.co/event/game03/circles/148197,제 3회 오락관,day2
160,쟈근행복,쟈근행복,,1sp,로드 오브 히어로즈 (로오히),,,"자이라, 조슈아",,해당없음,,만화,https://dongne.co/event/game03/circles/150139,제 3회 오락관,day2
161,저지 하실 분?,뭉,,1sp,저지먼트 시리즈,,,야가미,야가미 타카유키X스기우라 후미야,로맨틱,,만화,https://dongne.co/event/game03/circles/144508,제 3회 오락관,day2
162,전국포터연합,닉네임방랑자,,2sp,데스 스트랜딩,,,"샘 포터 브리짓스, 힉스, 클리포드 엉거, 프레자일, 아멜리",트레버X마이클,"로맨틱,섹슈얼","힉스샘, 클리샘, 프레샘, 아멜샘, 샘른","만화,소설",https://dongne.co/event/game03/circles/106957,제 3회 오락관,day2
163,전수량 선입금 예약판매,Era,,1sp,파이어 엠블렘 풍화설월,,,"페르디난트, 휴베르트",페르디난트X휴베르트,"섹슈얼,로맨틱",벨레트x펠릭스,소설,https://dongne.co/event/game03/circles/143943,제 3회 오락관,day2
164,접기 전까진 망겜,kez,,1sp,영원한 7일의 도시,로드 오브 히어로즈,,"여지휘사, 안화, 유우토, 이스카리오, 이자크 등",신기사X지휘사(여),"로맨틱,섹슈얼",로드로드,소설,https://dongne.co/event/game03/circles/107224,제 3회 오락관,day2
165,제1회샬레이안동인연구회,호루,,2sp,파이널판타지14,,,그라하 티아/수정공,,"섹슈얼,로맨틱",,"만화,일러스트",https://dongne.co/event/game03/circles/147797,제 3회 오락관,day2
166,제가 내면 얘도 낸대요,히에,,2sp,"파이널 판타지 14, 뉴 단간론파 V3",,,,,,"빛전라하, 아마사이",소설,https://dongne.co/event/game03/circles/147968,제 3회 오락관,day2
167,제국게이와 왕국게이 나오는 부스,두릅,,2sp,파이어 엠블렘 풍화설월,,,페르디난트,휴베르트X페르디난트,로맨틱,실뱅x펠릭스,게임,https://dongne.co/event/game03/circles/104285,제 3회 오락관,day2
168,조류둥지,두루미,,1sp,포켓몬,,,금랑,,"로맨틱,섹슈얼",,소설,https://dongne.co/event/game03/circles/140664,제 3회 오락관,day2
169,주인공이 아무리 콩나물이여도 밥은 챙겨먹이고 싶어!,쿼티,,1sp,세포신곡,,,아토 하루키,,,,만화,https://dongne.co/event/game03/circles/143212,제 3회 오락관,day2
170,중앙시장,완규,,1sp,마법사의 약속,,,"카인,오웬",카인X오웬,로맨틱,,만화,https://dongne.co/event/game03/circles/143975,제 3회 오락관,day2
171,쥑쥑이 괴도단,Pinut,,1sp,페르소나 시리즈,포켓몬,,마음의 괴도단,아마미야 렌X사카모토 류지,"해당없음,로맨틱",,"일러스트,기타",https://dongne.co/event/game03/circles/143250,제 3회 오락관,day2
172,직박구리,철수,,2sp,원신,,,케다탈종,케이아X다이루크,"로맨틱,섹슈얼",타르종려,소설,https://dongne.co/event/game03/circles/110747,제 3회 오락관,day2
173,직선 도로 있음,L0BELLY,,2sp,노 스트레이트 로드 (NSR),,,NSR 캐릭터 전반,네온 제이XDJ 서브아토믹 슈퍼노바,"로맨틱,해당없음",,"일러스트,기타",https://dongne.co/event/game03/circles/143617,제 3회 오락관,day2
174,짱짱부스,짱짱,,1sp,,,,,,,,만화,https://dongne.co/event/game03/circles/143752,제 3회 오락관,day2
175,철아령넣었습니다,만수,,2sp,그랑블루판타지 ,페이트그랜드오더,,그레이스 아그로발 지크프리트,아그로발X지크프리트,해당없음,,"만화,소설",https://dongne.co/event/game03/circles/107065,제 3회 오락관,day2
176,체리창고,아세롤라,,1sp,베리드 스타즈,파이널 판타지,,한도윤,이규혁X한도윤,"로맨틱,섹슈얼",,소설,https://dongne.co/event/game03/circles/110806,제 3회 오락관,day2
177,칠흑색으로 진하게 칠해진 내 인생,하뭇,,2sp,파이널판타지14,,,"야만신 중심, 올캐러",,,,,https://dongne.co/event/game03/circles/107562,제 3회 오락관,day2
178,칠흑에 과몰입해버림,금사빠,,1sp,파이널판타지14,,,수정공,,"로맨틱,섹슈얼",,소설,https://dongne.co/event/game03/circles/105862,제 3회 오락관,day2
179,코너의 숲,Ya2der,,2sp,디트로이트 비컴 휴먼,,,코너,행크X코너,"로맨틱,섹슈얼",코너른,"만화,일러스트",https://dongne.co/event/game03/circles/108743,제 3회 오락관,day2
180,코발트블루,cools,,2sp,로드 오브 히어로즈,앙스타,,올캐러,,해당없음,,,https://dongne.co/event/game03/circles/110954,제 3회 오락관,day2
181,코스모가느껴져,애두,,2sp,닌텐도,"젤다,데레마스,괴혼",,,,,,"만화,일러스트",https://dongne.co/event/game03/circles/105257,제 3회 오락관,day2
182,택냥 오브 히어로즈 ,댕댕,,1sp,러브 앤 프로듀서,로드 오브 히어로즈/쿠키런,,이볼즈,,로맨틱,,"만화,일러스트",https://dongne.co/event/game03/circles/107413,제 3회 오락관,day2
183,튀김장인 시도우,로푸닝,,1sp,록맨,,,록맨,,,,,https://dongne.co/event/game03/circles/144192,제 3회 오락관,day2
184,파블로프의 도기,7H,,1sp,버디미션 BOND,,버디버디 ~사람과 사람을 잇는 본드~ 2회,루크 윌리엄스,체슬리X루크,로맨틱,아론루크,소설,https://dongne.co/event/game03/circles/143830,제 3회 오락관,day2
185,폭포 공포증,너드,,2sp,페이트 그랜드 오더,파이널판타지14,,"신주쿠의 아처, 셜록홈즈(FGO)",신주쿠의 아쳐X셜록홈즈 (FGO),해당없음,,만화,https://dongne.co/event/game03/circles/104343,제 3회 오락관,day2
186,풍세카,꼰,,1sp,프로젝트 세카이,파이어 엠블렘 풍화설월,,,,,,만화,https://dongne.co/event/game03/circles/143517,제 3회 오락관,day2
187,퓨어 앤 이노센트,엘리조,,1sp,애프터라이프,,,"기이, 에단",,,,만화,https://dongne.co/event/game03/circles/105089,제 3회 오락관,day2
188,프리스트라이커의 3스킬,서소현,,2sp,로드 오브 히어로즈(LOH),,,,,해당없음,,"공예,일러스트",https://dongne.co/event/game03/circles/120824,제 3회 오락관,day2
189,피자파티비,청년피자,,1sp,에리오스 라이징 히어로즈,,,,,,,만화,https://dongne.co/event/game03/circles/148565,제 3회 오락관,day2
190,하루우유 한 잔 ,이른새벽,,2sp,블랙서바이벌,이터널 리턴,,,,,,소설,https://dongne.co/event/game03/circles/144965,제 3회 오락관,day2
191,햇살이 강해졌다!,룬츠,,1sp,KOF (더 킹 오브 파이터즈),"포켓몬스터, Ib",,,,해당없음,,소설,https://dongne.co/event/game03/circles/106460,제 3회 오락관,day2
192,헨랴야<<호>>,eyahaha11,,2sp,파판14,앙스타!!,,수정공 뉴라하 마다라 코하쿠 ,,,,일러스트,https://dongne.co/event/game03/circles/149736,제 3회 오락관,day2
193,"형사님, 여기서 주무시면 입 돌아가요",Lemon,,1sp,디트로이트 비컴 휴먼,,,"개빈 리드, RK900",RK900X개빈,섹슈얼,행크코너,소설,https://dongne.co/event/game03/circles/106969,제 3회 오락관,day2
194,흥분금지,오이,,2sp,마법사의 약속,,,,브래들리X네로,"로맨틱,해당없음","원주종, 동주종, 미스루틸, 인연조",만화,https://dongne.co/event/game03/circles/148086,제 3회 오락관,day2
195,희망아저씨네 티끌은행,반바지맨,,1sp,데스티니 가디언즈,,,"방랑자, 신 말퍼르, 수호자",,"로맨틱,섹슈얼",,"만화,소설,기타",https://dongne.co/event/game03/circles/144887,제 3회 오락관,day2
196,히히코마워요,아즈,,1sp,단간론파,,,코마에다,히나타X코마에다,"섹슈얼,로맨틱",,만화,https://dongne.co/event/game03/circles/110631,제 3회 오락관,day2
